Date_UTC,Extent,IAGA,GEOLON,GEOLAT,MLT,MCOLAT,IGRF_DECL,SZA,dbn_nez,dbe_nez,dbz_nez,dbn_geo,dbe_geo,dbz_geo
2009-01-01T00:00:00,60,ILR,4.68,8.5,23.95,96.48,0.32,165.04,32802.1,-12.8,-4499.9,32772.3,-1399.2,-4499.9
2009-01-01T00:01:00,60,ILR,4.68,8.5,23.96,96.48,0.32,164.98,32802.3,-13,-4499.8,32772.4,-1399.5,-4499.8
2009-01-01T00:02:00,60,ILR,4.68,8.5,23.98,96.48,0.32,164.91,32802.3,-13.3,-4499.7,32772.4,-1399.7,-4499.7
2009-01-01T00:03:00,60,ILR,4.68,8.5,24,96.48,0.32,164.84,32802.3,-13.6,-4499.6,32772.4,-1400,-4499.6
2009-01-01T00:04:00,60,ILR,4.68,8.5,0.01,96.48,0.32,164.77,32802.4,-13.8,-4499.5,32772.5,-1400.3,-4499.5
2009-01-01T00:05:00,60,ILR,4.68,8.5,0.03,96.48,0.32,164.7,32802.5,-14.1,-4499.3,32772.6,-1400.6,-4499.3
2009-01-01T00:06:00,60,ILR,4.68,8.5,0.05,96.48,0.32,164.62,32802.6,-14.4,-4499.1,32772.7,-1400.8,-4499.1
2009-01-01T00:07:00,60,ILR,4.68,8.5,0.07,96.48,0.32,164.54,32802.8,-14.7,-4499,32772.9,-1401.1,-4499
2009-01-01T00:08:00,60,ILR,4.68,8.5,0.08,96.48,0.33,164.45,32803,-14.9,-4498.9,32773,-1401.4,-4498.9
2009-01-01T00:09:00,60,ILR,4.68,8.5,0.1,96.48,0.33,164.37,32803.4,-15.2,-4498.8,32773.5,-1401.6,-4498.8
2009-01-01T00:10:00,60,ILR,4.68,8.5,0.12,96.48,0.33,164.28,32803.6,-15.3,-4498.8,32773.7,-1401.8,-4498.8
2009-01-01T00:11:00,60,ILR,4.68,8.5,0.13,96.48,0.33,164.18,32803.8,-15.6,-4498.5,32773.8,-1402.1,-4498.5
2009-01-01T00:12:00,60,ILR,4.68,8.5,0.15,96.48,0.33,164.09,32803.8,-15.9,-4498.4,32773.8,-1402.4,-4498.4
2009-01-01T00:13:00,60,ILR,4.68,8.5,0.17,96.48,0.33,163.99,32803.8,-16.2,-4498.3,32773.8,-1402.7,-4498.3
2009-01-01T00:14:00,60,ILR,4.68,8.5,0.18,96.48,0.33,163.88,32803.9,-16.5,-4498.2,32773.9,-1403,-4498.2
2009-01-01T00:15:00,60,ILR,4.68,8.5,0.2,96.48,0.33,163.78,32804,-16.8,-4498,32774,-1403.3,-4498
2009-01-01T00:16:00,60,ILR,4.68,8.5,0.22,96.48,0.33,163.67,32804.3,-17.1,-4497.8,32774.2,-1403.6,-4497.8
2009-01-01T00:17:00,60,ILR,4.68,8.5,0.23,96.48,0.33,163.56,32804.3,-17.4,-4497.7,32774.2,-1403.9,-4497.7
2009-01-01T00:18:00,60,ILR,4.68,8.5,0.25,96.48,0.33,163.44,32804.3,-17.6,-4497.5,32774.2,-1404.2,-4497.5
2009-01-01T00:19:00,60,ILR,4.68,8.5,0.27,96.48,0.33,163.33,32804.4,-17.9,-4497.3,32774.3,-1404.4,-4497.3
2009-01-01T00:20:00,60,ILR,4.68,8.5,0.29,96.48,0.33,163.21,32804.7,-18.2,-4497.3,32774.7,-1404.8,-4497.3
2009-01-01T00:21:00,60,ILR,4.68,8.5,0.3,96.48,0.33,163.08,32805.4,-18.7,-4497.7,32775.3,-1405.3,-4497.7
2009-01-01T00:22:00,60,ILR,4.68,8.5,0.32,96.48,0.33,162.96,32805,-18.7,-4497.2,32774.9,-1405.2,-4497.2
2009-01-01T00:23:00,60,ILR,4.68,8.5,0.34,96.48,0.33,162.83,32805,-19.3,-4497.5,32774.8,-1405.9,-4497.5
2009-01-01T00:24:00,60,ILR,4.68,8.5,0.35,96.48,0.33,162.7,32804.8,-19.5,-4497.4,32774.7,-1406.1,-4497.4
2009-01-01T00:25:00,60,ILR,4.68,8.5,0.37,96.48,0.33,162.57,32804.6,-19.7,-4497.5,32774.5,-1406.2,-4497.5
2009-01-01T00:26:00,60,ILR,4.68,8.5,0.39,96.48,0.33,162.44,32804.7,-19.8,-4497.4,32774.6,-1406.4,-4497.4
2009-01-01T00:27:00,60,ILR,4.68,8.5,0.4,96.48,0.33,162.3,32804.8,-20,-4497.3,32774.6,-1406.5,-4497.3
2009-01-01T00:28:00,60,ILR,4.68,8.5,0.42,96.48,0.33,162.16,32804.9,-20.3,-4497.4,32774.7,-1406.8,-4497.4
2009-01-01T00:29:00,60,ILR,4.68,8.5,0.44,96.48,0.34,162.02,32805,-20.8,-4498,32774.8,-1407.4,-4498
2009-01-01T00:30:00,60,ILR,4.68,8.5,0.46,96.48,0.34,161.88,32805.1,-21.1,-4498.2,32774.9,-1407.7,-4498.2
2009-01-01T00:31:00,60,ILR,4.68,8.5,0.47,96.48,0.34,161.74,32805.3,-21.7,-4498.3,32775,-1408.2,-4498.3
2009-01-01T00:32:00,60,ILR,4.68,8.5,0.49,96.48,0.34,161.59,32805.5,-21.9,-4498.1,32775.2,-1408.5,-4498.1
2009-01-01T00:33:00,60,ILR,4.68,8.5,0.51,96.48,0.34,161.44,32806,-22.5,-4497.9,32775.7,-1409.1,-4497.9
2009-01-01T00:34:00,60,ILR,4.68,8.5,0.52,96.48,0.34,161.29,32807.6,-23.7,-4497.7,32777.3,-1410.4,-4497.7
2009-01-01T00:35:00,60,ILR,4.68,8.5,0.54,96.48,0.34,161.14,32808.3,-24.3,-4497.8,32777.9,-1410.9,-4497.8
2009-01-01T00:36:00,60,ILR,4.68,8.5,0.56,96.48,0.34,160.98,32808.7,-24.6,-4497,32778.3,-1411.3,-4497
2009-01-01T00:37:00,60,ILR,4.68,8.5,0.58,96.48,0.34,160.83,32809.1,-25,-4496.3,32778.7,-1411.7,-4496.3
2009-01-01T00:38:00,60,ILR,4.68,8.5,0.59,96.48,0.34,160.67,32809.4,-25.1,-4496.1,32779,-1411.9,-4496.1
2009-01-01T00:39:00,60,ILR,4.68,8.5,0.61,96.48,0.34,160.51,32809.4,-25.3,-4496,32779,-1412,-4496
2009-01-01T00:40:00,60,ILR,4.68,8.5,0.63,96.48,0.34,160.35,32809.2,-25.3,-4495.9,32778.8,-1412,-4495.9
2009-01-01T00:41:00,60,ILR,4.68,8.5,0.65,96.48,0.34,160.19,32808.9,-25.5,-4495.7,32778.5,-1412.2,-4495.7
2009-01-01T00:42:00,60,ILR,4.68,8.5,0.66,96.48,0.34,160.03,32808.5,-25.7,-4495.6,32778.1,-1412.3,-4495.6
2009-01-01T00:43:00,60,ILR,4.68,8.5,0.68,96.48,0.34,159.86,32806.9,-25.7,-4495.6,32776.5,-1412.3,-4495.6
2009-01-01T00:44:00,60,ILR,4.68,8.5,0.7,96.48,0.34,159.69,32806.6,-25.4,-4495.6,32776.2,-1412,-4495.6
2009-01-01T00:45:00,60,ILR,4.68,8.5,0.71,96.48,0.34,159.52,32806.5,-25.1,-4495.5,32776.1,-1411.7,-4495.5
2009-01-01T00:46:00,60,ILR,4.68,8.5,0.73,96.48,0.34,159.36,32806.6,-25.3,-4495.6,32776.2,-1411.9,-4495.6
2009-01-01T00:47:00,60,ILR,4.68,8.5,0.75,96.48,0.34,159.18,32806.6,-25.6,-4495.7,32776.2,-1412.2,-4495.7
2009-01-01T00:48:00,60,ILR,4.68,8.5,0.77,96.48,0.35,159.01,32806.7,-25.9,-4495.9,32776.3,-1412.5,-4495.9
2009-01-01T00:49:00,60,ILR,4.68,8.5,0.78,96.48,0.35,158.84,32806.7,-26,-4496.2,32776.3,-1412.6,-4496.2
2009-01-01T00:50:00,60,ILR,4.68,8.5,0.8,96.48,0.35,158.66,32806.8,-26.2,-4496.3,32776.4,-1412.8,-4496.3
2009-01-01T00:51:00,60,ILR,4.68,8.5,0.82,96.48,0.35,158.49,32806.9,-26.7,-4496.3,32776.5,-1413.4,-4496.3
2009-01-01T00:52:00,60,ILR,4.68,8.5,0.84,96.48,0.35,158.31,32807,-27.2,-4496.3,32776.6,-1413.9,-4496.3
2009-01-01T00:53:00,60,ILR,4.68,8.5,0.85,96.48,0.35,158.13,32807.1,-27.7,-4496.3,32776.7,-1414.4,-4496.3
2009-01-01T00:54:00,60,ILR,4.68,8.5,0.87,96.48,0.35,157.95,32807.2,-28.1,-4496.2,32776.7,-1414.8,-4496.2
2009-01-01T00:55:00,60,ILR,4.68,8.5,0.89,96.48,0.35,157.77,32807.3,-28.4,-4496.3,32776.8,-1415,-4496.3
2009-01-01T00:56:00,60,ILR,4.68,8.5,0.91,96.48,0.35,157.59,32807.4,-28.4,-4496.2,32776.8,-1415,-4496.2
2009-01-01T00:57:00,60,ILR,4.68,8.5,0.92,96.48,0.35,157.4,32807.4,-28.1,-4496.1,32776.9,-1414.7,-4496.1
2009-01-01T00:58:00,60,ILR,4.68,8.5,0.94,96.48,0.35,157.22,32807.5,-27.8,-4496,32777,-1414.4,-4496
2009-01-01T00:59:00,60,ILR,4.68,8.5,0.96,96.48,0.35,157.04,32807.5,-27.8,-4496,32777,-1414.5,-4496
2009-01-01T01:00:00,60,ILR,4.68,8.5,0.98,96.48,0.35,156.85,32807.6,-27.7,-4496,32777.1,-1414.3,-4496
2009-01-01T01:01:00,60,ILR,4.68,8.5,0.99,96.48,0.35,156.66,32807.6,-27.9,-4496,32777.1,-1414.6,-4496
2009-01-01T01:02:00,60,ILR,4.68,8.5,1.01,96.48,0.35,156.47,32807.6,-28.1,-4496,32777.1,-1414.8,-4496
2009-01-01T01:03:00,60,ILR,4.68,8.5,1.03,96.48,0.35,156.29,32807.7,-28.4,-4496,32777.2,-1415,-4496
2009-01-01T01:04:00,60,ILR,4.68,8.5,1.05,96.48,0.35,156.1,32807.7,-28.9,-4496.1,32777.1,-1415.5,-4496.1
2009-01-01T01:05:00,60,ILR,4.68,8.5,1.07,96.48,0.35,155.9,32807.6,-29.4,-4496.2,32777,-1416,-4496.2
2009-01-01T01:06:00,60,ILR,4.68,8.5,1.08,96.48,0.35,155.71,32807.5,-29.4,-4496.2,32776.9,-1416,-4496.2
2009-01-01T01:07:00,60,ILR,4.68,8.5,1.1,96.48,0.36,155.52,32807.4,-29.4,-4496.2,32776.9,-1416,-4496.2
2009-01-01T01:08:00,60,ILR,4.68,8.5,1.12,96.48,0.36,155.33,32807.3,-29.3,-4496.2,32776.8,-1416,-4496.2
2009-01-01T01:09:00,60,ILR,4.68,8.5,1.14,96.48,0.36,155.13,32807.3,-29.2,-4496.1,32776.7,-1415.8,-4496.1
2009-01-01T01:10:00,60,ILR,4.68,8.5,1.15,96.48,0.36,154.94,32807.2,-29.2,-4496.1,32776.6,-1415.8,-4496.1
2009-01-01T01:11:00,60,ILR,4.68,8.5,1.17,96.48,0.36,154.74,32806.9,-29,-4496.1,32776.4,-1415.6,-4496.1
2009-01-01T01:12:00,60,ILR,4.68,8.5,1.19,96.48,0.36,154.55,32807,-29.1,-4496.1,32776.5,-1415.7,-4496.1
2009-01-01T01:13:00,60,ILR,4.68,8.5,1.21,96.48,0.36,154.35,32807.2,-29.3,-4496.1,32776.6,-1415.9,-4496.1
2009-01-01T01:14:00,60,ILR,4.68,8.5,1.23,96.48,0.36,154.15,32807.3,-29.4,-4496,32776.8,-1416,-4496
2009-01-01T01:15:00,60,ILR,4.68,8.5,1.24,96.48,0.36,153.95,32807.5,-29.5,-4495.9,32777,-1416.1,-4495.9
2009-01-01T01:16:00,60,ILR,4.68,8.5,1.26,96.48,0.36,153.75,32807.5,-29.6,-4495.9,32776.9,-1416.2,-4495.9
2009-01-01T01:17:00,60,ILR,4.68,8.5,1.28,96.48,0.36,153.55,32807.5,-29.7,-4495.8,32776.9,-1416.3,-4495.8
2009-01-01T01:18:00,60,ILR,4.68,8.5,1.3,96.48,0.36,153.35,32807.4,-29.9,-4495.8,32776.9,-1416.5,-4495.8
2009-01-01T01:19:00,60,ILR,4.68,8.5,1.31,96.48,0.36,153.15,32807.4,-30.1,-4495.7,32776.8,-1416.7,-4495.7
2009-01-01T01:20:00,60,ILR,4.68,8.5,1.33,96.48,0.36,152.95,32807.3,-30.2,-4495.8,32776.7,-1416.8,-4495.8
2009-01-01T01:21:00,60,ILR,4.68,8.5,1.35,96.48,0.36,152.75,32807.3,-30.3,-4495.6,32776.7,-1416.9,-4495.6
2009-01-01T01:22:00,60,ILR,4.68,8.5,1.37,96.48,0.36,152.55,32807.1,-30.3,-4495.5,32776.5,-1416.9,-4495.5
2009-01-01T01:23:00,60,ILR,4.68,8.5,1.39,96.48,0.36,152.34,32806.9,-30.2,-4495.4,32776.3,-1416.8,-4495.4
2009-01-01T01:24:00,60,ILR,4.68,8.5,1.4,96.48,0.37,152.14,32807,-30.3,-4495.3,32776.4,-1416.9,-4495.3
2009-01-01T01:25:00,60,ILR,4.68,8.5,1.42,96.48,0.37,151.93,32807.1,-30.4,-4495.4,32776.5,-1417,-4495.4
2009-01-01T01:26:00,60,ILR,4.68,8.5,1.44,96.48,0.37,151.73,32807.3,-30.5,-4495.3,32776.7,-1417.1,-4495.3
2009-01-01T01:27:00,60,ILR,4.68,8.5,1.46,96.48,0.37,151.52,32807.6,-30.6,-4495.3,32776.9,-1417.2,-4495.3
2009-01-01T01:28:00,60,ILR,4.68,8.5,1.48,96.48,0.37,151.32,32808,-30.8,-4495.3,32777.3,-1417.5,-4495.3
2009-01-01T01:29:00,60,ILR,4.68,8.5,1.49,96.48,0.37,151.11,32807.9,-31.3,-4495.4,32777.3,-1418,-4495.4
2009-01-01T01:30:00,60,ILR,4.68,8.5,1.51,96.48,0.37,150.9,32808,-31.2,-4495.3,32777.4,-1417.9,-4495.3
2009-01-01T01:31:00,60,ILR,4.68,8.5,1.53,96.48,0.37,150.7,32808.4,-31.6,-4495.4,32777.7,-1418.2,-4495.4
2009-01-01T01:32:00,60,ILR,4.68,8.5,1.55,96.48,0.37,150.49,32808.7,-31.9,-4495.5,32778.1,-1418.6,-4495.5
2009-01-01T01:33:00,60,ILR,4.68,8.5,1.57,96.48,0.37,150.28,32808.8,-32,-4495.5,32778.1,-1418.6,-4495.5
2009-01-01T01:34:00,60,ILR,4.68,8.5,1.59,96.48,0.37,150.07,32809.9,-32.2,-4495.3,32779.2,-1418.9,-4495.3
2009-01-01T01:35:00,60,ILR,4.68,8.5,1.6,96.48,0.37,149.86,32811.1,-32.4,-4495.2,32780.4,-1419.2,-4495.2
2009-01-01T01:36:00,60,ILR,4.68,8.5,1.62,96.48,0.37,149.65,32811.7,-32.8,-4495.3,32781,-1419.6,-4495.3
2009-01-01T01:37:00,60,ILR,4.68,8.5,1.64,96.48,0.37,149.44,32811.8,-32.9,-4495.3,32781.1,-1419.7,-4495.3
2009-01-01T01:38:00,60,ILR,4.68,8.5,1.66,96.48,0.37,149.23,32812,-33,-4495.3,32781.3,-1419.8,-4495.3
2009-01-01T01:39:00,60,ILR,4.68,8.5,1.68,96.48,0.37,149.02,32811.9,-33.1,-4495.4,32781.2,-1419.9,-4495.4
2009-01-01T01:40:00,60,ILR,4.68,8.5,1.69,96.48,0.37,148.81,32812.1,-33.1,-4495.5,32781.4,-1419.9,-4495.5
2009-01-01T01:41:00,60,ILR,4.68,8.5,1.71,96.48,0.38,148.6,32812.2,-32.8,-4495.5,32781.5,-1419.7,-4495.5
2009-01-01T01:42:00,60,ILR,4.68,8.5,1.73,96.48,0.38,148.38,32812.2,-32.8,-4495.5,32781.5,-1419.6,-4495.5
2009-01-01T01:43:00,60,ILR,4.68,8.5,1.75,96.48,0.38,148.17,32811.9,-32.6,-4495.6,32781.2,-1419.4,-4495.6
2009-01-01T01:44:00,60,ILR,4.68,8.5,1.77,96.48,0.38,147.96,32811.5,-32.3,-4495.7,32780.8,-1419.1,-4495.7
2009-01-01T01:45:00,60,ILR,4.68,8.5,1.79,96.48,0.38,147.74,32811.1,-32,-4495.9,32780.4,-1418.7,-4495.9
2009-01-01T01:46:00,60,ILR,4.68,8.5,1.8,96.48,0.38,147.53,32810.1,-31.6,-4496.1,32779.4,-1418.3,-4496.1
2009-01-01T01:47:00,60,ILR,4.68,8.5,1.82,96.48,0.38,147.32,32809.1,-31.2,-4496.2,32778.4,-1417.8,-4496.2
2009-01-01T01:48:00,60,ILR,4.68,8.5,1.84,96.48,0.38,147.1,32808.7,-30.2,-4496.4,32778.1,-1416.9,-4496.4
2009-01-01T01:49:00,60,ILR,4.68,8.5,1.86,96.48,0.38,146.89,32808.5,-29.8,-4496.6,32777.9,-1416.5,-4496.6
2009-01-01T01:50:00,60,ILR,4.68,8.5,1.88,96.48,0.38,146.67,32808.2,-29.7,-4496.7,32777.6,-1416.4,-4496.7
2009-01-01T01:51:00,60,ILR,4.68,8.5,1.89,96.48,0.38,146.46,32807.8,-29.2,-4496.8,32777.3,-1415.8,-4496.8
2009-01-01T01:52:00,60,ILR,4.68,8.5,1.91,96.48,0.38,146.24,32807.7,-29,-4496.8,32777.1,-1415.6,-4496.8
2009-01-01T01:53:00,60,ILR,4.68,8.5,1.93,96.48,0.38,146.03,32807.6,-28.8,-4496.8,32777,-1415.4,-4496.8
2009-01-01T01:54:00,60,ILR,4.68,8.5,1.95,96.48,0.38,145.81,32807.4,-28.7,-4496.9,32776.9,-1415.3,-4496.9
2009-01-01T01:55:00,60,ILR,4.68,8.5,1.97,96.48,0.38,145.59,32807.4,-28.6,-4497,32776.9,-1415.2,-4497
2009-01-01T01:56:00,60,ILR,4.68,8.5,1.99,96.48,0.38,145.38,32807.5,-28.6,-4497.1,32777,-1415.3,-4497.1
2009-01-01T01:57:00,60,ILR,4.68,8.5,2.01,96.48,0.39,145.16,32807.6,-28.7,-4497.1,32777.1,-1415.3,-4497.1
2009-01-01T01:58:00,60,ILR,4.68,8.5,2.02,96.48,0.39,144.94,32807.5,-28.8,-4497.1,32777,-1415.4,-4497.1
2009-01-01T01:59:00,60,ILR,4.68,8.5,2.04,96.48,0.39,144.72,32807.6,-28.9,-4497.2,32777,-1415.5,-4497.2
2009-01-01T02:00:00,60,ILR,4.68,8.5,2.06,96.48,0.39,144.51,32807.7,-29,-4497.2,32777.2,-1415.7,-4497.2
2009-01-01T02:01:00,60,ILR,4.68,8.5,2.08,96.48,0.39,144.29,32807.6,-29.1,-4497.2,32777.1,-1415.7,-4497.2
2009-01-01T02:02:00,60,ILR,4.68,8.5,2.1,96.48,0.39,144.07,32807.6,-29.1,-4497.2,32777,-1415.8,-4497.2
2009-01-01T02:03:00,60,ILR,4.68,8.5,2.12,96.48,0.39,143.85,32807.5,-29.2,-4497.3,32776.9,-1415.8,-4497.3
2009-01-01T02:04:00,60,ILR,4.68,8.5,2.13,96.48,0.39,143.63,32807.5,-29.7,-4497.3,32776.9,-1416.3,-4497.3
2009-01-01T02:05:00,60,ILR,4.68,8.5,2.15,96.48,0.39,143.41,32807.5,-29.9,-4497.4,32776.9,-1416.5,-4497.4
2009-01-01T02:06:00,60,ILR,4.68,8.5,2.17,96.48,0.39,143.19,32807.5,-29.9,-4497.4,32777,-1416.5,-4497.4
2009-01-01T02:07:00,60,ILR,4.68,8.5,2.19,96.48,0.39,142.97,32807.6,-29.9,-4497.5,32777,-1416.5,-4497.5
2009-01-01T02:08:00,60,ILR,4.68,8.5,2.21,96.48,0.39,142.75,32807.5,-29.8,-4497.6,32776.9,-1416.5,-4497.6
2009-01-01T02:09:00,60,ILR,4.68,8.5,2.23,96.48,0.39,142.53,32807.3,-29.9,-4497.7,32776.8,-1416.5,-4497.7
2009-01-01T02:10:00,60,ILR,4.68,8.5,2.24,96.48,0.39,142.31,32807.4,-29.9,-4497.7,32776.8,-1416.6,-4497.7
2009-01-01T02:11:00,60,ILR,4.68,8.5,2.26,96.48,0.4,142.09,32807.4,-29.9,-4497.8,32776.9,-1416.5,-4497.8
2009-01-01T02:12:00,60,ILR,4.68,8.5,2.28,96.48,0.4,141.87,32807.3,-29.8,-4497.9,32776.8,-1416.4,-4497.9
2009-01-01T02:13:00,60,ILR,4.68,8.5,2.3,96.48,0.4,141.65,32807.5,-29.8,-4498,32776.9,-1416.4,-4498
2009-01-01T02:14:00,60,ILR,4.68,8.5,2.32,96.48,0.4,141.43,32807.3,-29.8,-4498,32776.7,-1416.4,-4498
2009-01-01T02:15:00,60,ILR,4.68,8.5,2.34,96.48,0.4,141.21,32807.2,-29.9,-4498.1,32776.6,-1416.5,-4498.1
2009-01-01T02:16:00,60,ILR,4.68,8.5,2.36,96.48,0.4,140.99,32806.9,-29.8,-4498.2,32776.4,-1416.4,-4498.2
2009-01-01T02:17:00,60,ILR,4.68,8.5,2.37,96.48,0.4,140.77,32806.9,-29.7,-4498.3,32776.3,-1416.3,-4498.3
2009-01-01T02:18:00,60,ILR,4.68,8.5,2.39,96.48,0.4,140.54,32806.8,-29.6,-4498.3,32776.2,-1416.2,-4498.3
2009-01-01T02:19:00,60,ILR,4.68,8.5,2.41,96.48,0.4,140.32,32806.7,-29.5,-4498.4,32776.1,-1416.1,-4498.4
2009-01-01T02:20:00,60,ILR,4.68,8.5,2.43,96.48,0.4,140.1,32806.4,-29.4,-4498.5,32775.9,-1415.9,-4498.5
2009-01-01T02:21:00,60,ILR,4.68,8.5,2.45,96.48,0.4,139.88,32806.2,-29.2,-4498.7,32775.7,-1415.8,-4498.7
2009-01-01T02:22:00,60,ILR,4.68,8.5,2.47,96.48,0.4,139.65,32805.8,-29.1,-4498.8,32775.2,-1415.6,-4498.8
2009-01-01T02:23:00,60,ILR,4.68,8.5,2.48,96.48,0.4,139.43,32805.6,-28.8,-4499.1,32775.1,-1415.4,-4499.1
2009-01-01T02:24:00,60,ILR,4.68,8.5,2.5,96.48,0.4,139.21,32805.6,-28.7,-4499.1,32775.1,-1415.2,-4499.1
2009-01-01T02:25:00,60,ILR,4.68,8.5,2.52,96.48,0.4,138.99,32805.5,-28.5,-4499.2,32774.9,-1415.1,-4499.2
2009-01-01T02:26:00,60,ILR,4.68,8.5,2.54,96.48,0.41,138.76,32805.4,-28.4,-4499.3,32774.9,-1414.9,-4499.3
2009-01-01T02:27:00,60,ILR,4.68,8.5,2.56,96.48,0.41,138.54,32805.4,-28.2,-4499.3,32774.8,-1414.7,-4499.3
2009-01-01T02:28:00,60,ILR,4.68,8.5,2.58,96.48,0.41,138.32,32805.3,-28.1,-4499.3,32774.8,-1414.7,-4499.3
2009-01-01T02:29:00,60,ILR,4.68,8.5,2.59,96.48,0.41,138.09,32805.1,-28.3,-4499.4,32774.6,-1414.8,-4499.4
2009-01-01T02:30:00,60,ILR,4.68,8.5,2.61,96.48,0.41,137.87,32805,-28.1,-4499.6,32774.5,-1414.7,-4499.6
2009-01-01T02:31:00,60,ILR,4.68,8.5,2.63,96.48,0.41,137.64,32804.9,-28.2,-4499.6,32774.4,-1414.7,-4499.6
2009-01-01T02:32:00,60,ILR,4.68,8.5,2.65,96.48,0.41,137.42,32804.8,-28.2,-4499.6,32774.3,-1414.7,-4499.6
2009-01-01T02:33:00,60,ILR,4.68,8.5,2.67,96.48,0.41,137.2,32805,-28.2,-4499.6,32774.5,-1414.7,-4499.6
2009-01-01T02:34:00,60,ILR,4.68,8.5,2.69,96.48,0.41,136.97,32804.8,-28,-4499.6,32774.3,-1414.6,-4499.6
2009-01-01T02:35:00,60,ILR,4.68,8.5,2.71,96.48,0.41,136.75,32804.8,-27.9,-4499.6,32774.3,-1414.4,-4499.6
2009-01-01T02:36:00,60,ILR,4.68,8.5,2.72,96.48,0.41,136.52,32804.8,-27.7,-4499.7,32774.4,-1414.2,-4499.7
2009-01-01T02:37:00,60,ILR,4.68,8.5,2.74,96.48,0.41,136.3,32804.6,-27.5,-4499.9,32774.1,-1414,-4499.9
2009-01-01T02:38:00,60,ILR,4.68,8.5,2.76,96.48,0.41,136.07,32804.4,-27.3,-4500,32773.9,-1413.8,-4500
2009-01-01T02:39:00,60,ILR,4.68,8.5,2.78,96.48,0.42,135.85,32804.1,-27,-4500.1,32773.7,-1413.5,-4500.1
2009-01-01T02:40:00,60,ILR,4.68,8.5,2.8,96.48,0.42,135.62,32803.9,-26.8,-4500.3,32773.4,-1413.3,-4500.3
2009-01-01T02:41:00,60,ILR,4.68,8.5,2.82,96.48,0.42,135.4,32804,-26.6,-4500.4,32773.6,-1413,-4500.4
2009-01-01T02:42:00,60,ILR,4.68,8.5,2.83,96.48,0.42,135.17,32804.2,-26.3,-4500.4,32773.8,-1412.8,-4500.4
2009-01-01T02:43:00,60,ILR,4.68,8.5,2.85,96.48,0.42,134.95,32804.4,-26.1,-4500.5,32774,-1412.6,-4500.5
2009-01-01T02:44:00,60,ILR,4.68,8.5,2.87,96.48,0.42,134.72,32804.7,-26.1,-4500.5,32774.3,-1412.6,-4500.5
2009-01-01T02:45:00,60,ILR,4.68,8.5,2.89,96.48,0.42,134.5,32804.9,-26.2,-4500.6,32774.5,-1412.7,-4500.6
2009-01-01T02:46:00,60,ILR,4.68,8.5,2.91,96.48,0.42,134.27,32805,-26.1,-4500.7,32774.6,-1412.6,-4500.7
2009-01-01T02:47:00,60,ILR,4.68,8.5,2.93,96.48,0.42,134.04,32805,-25.9,-4500.9,32774.6,-1412.4,-4500.9
2009-01-01T02:48:00,60,ILR,4.68,8.5,2.94,96.48,0.42,133.82,32804.9,-25.7,-4500.9,32774.5,-1412.2,-4500.9
2009-01-01T02:49:00,60,ILR,4.68,8.5,2.96,96.48,0.42,133.59,32804.8,-25.4,-4501,32774.4,-1411.9,-4501
2009-01-01T02:50:00,60,ILR,4.68,8.5,2.98,96.48,0.42,133.37,32804.9,-25.1,-4501.2,32774.5,-1411.6,-4501.2
2009-01-01T02:51:00,60,ILR,4.68,8.5,3,96.48,0.42,133.14,32804.7,-25,-4501.3,32774.4,-1411.5,-4501.3
2009-01-01T02:52:00,60,ILR,4.68,8.5,3.02,96.48,0.43,132.91,32804.8,-24.6,-4501.4,32774.4,-1411.1,-4501.4
2009-01-01T02:53:00,60,ILR,4.68,8.5,3.04,96.48,0.43,132.69,32804.6,-24.4,-4501.5,32774.3,-1410.9,-4501.5
2009-01-01T02:54:00,60,ILR,4.68,8.5,3.05,96.48,0.43,132.46,32804.6,-24.2,-4501.5,32774.3,-1410.7,-4501.5
2009-01-01T02:55:00,60,ILR,4.68,8.5,3.07,96.48,0.43,132.23,32804.6,-23.9,-4501.7,32774.3,-1410.4,-4501.7
2009-01-01T02:56:00,60,ILR,4.68,8.5,3.09,96.48,180,132.01,nan,nan,nan,nan,nan,nan
2009-01-01T02:57:00,60,ILR,4.68,8.5,3.11,96.48,180,131.78,nan,nan,nan,nan,nan,nan
2009-01-01T02:58:00,60,ILR,4.68,8.5,3.13,96.48,180,131.55,nan,nan,nan,nan,nan,nan
2009-01-01T02:59:00,60,ILR,4.68,8.5,3.15,96.48,0.43,131.32,32806.2,-23.5,-4501.9,32775.9,-1410.1,-4501.9
2009-01-01T03:00:00,60,ILR,4.68,8.5,3.16,96.48,0.43,131.1,32806.3,-23.4,-4502.1,32776,-1409.9,-4502.1
2009-01-01T03:01:00,60,ILR,4.68,8.5,3.18,96.48,0.43,130.87,32806.5,-23.2,-4502.2,32776.2,-1409.8,-4502.2
2009-01-01T03:02:00,60,ILR,4.68,8.5,3.2,96.48,0.43,130.64,32806.8,-23.2,-4502.2,32776.5,-1409.8,-4502.2
2009-01-01T03:03:00,60,ILR,4.68,8.5,3.22,96.48,0.43,130.42,32806.6,-22.9,-4502.2,32776.3,-1409.5,-4502.2
2009-01-01T03:04:00,60,ILR,4.68,8.5,3.24,96.48,0.44,130.19,32806.7,-22.8,-4502.3,32776.5,-1409.4,-4502.3
2009-01-01T03:05:00,60,ILR,4.68,8.5,3.26,96.48,0.44,129.96,32806.6,-22.7,-4502.3,32776.3,-1409.3,-4502.3
2009-01-01T03:06:00,60,ILR,4.68,8.5,3.27,96.48,0.44,129.73,32806.5,-22.3,-4502.4,32776.2,-1408.9,-4502.4
2009-01-01T03:07:00,60,ILR,4.68,8.5,3.29,96.48,0.44,129.51,32806.1,-21.9,-4502.5,32775.9,-1408.4,-4502.5
2009-01-01T03:08:00,60,ILR,4.68,8.5,3.31,96.48,0.44,129.28,32805.9,-21.6,-4502.6,32775.7,-1408.1,-4502.6
2009-01-01T03:09:00,60,ILR,4.68,8.5,3.33,96.48,0.44,129.05,32805.5,-21.1,-4502.7,32775.3,-1407.7,-4502.7
2009-01-01T03:10:00,60,ILR,4.68,8.5,3.35,96.48,0.44,128.82,32805.3,-20.8,-4502.8,32775.1,-1407.4,-4502.8
2009-01-01T03:11:00,60,ILR,4.68,8.5,3.37,96.48,0.44,128.59,32805.1,-20.3,-4503.1,32774.9,-1406.9,-4503.1
2009-01-01T03:12:00,60,ILR,4.68,8.5,3.38,96.48,0.44,128.37,32804.9,-20,-4503.2,32774.7,-1406.5,-4503.2
2009-01-01T03:13:00,60,ILR,4.68,8.5,3.4,96.48,0.44,128.14,32803.2,-19.4,-4503.3,32773.1,-1405.9,-4503.3
2009-01-01T03:14:00,60,ILR,4.68,8.5,3.42,96.48,0.44,127.91,32804.7,-19.3,-4503.4,32774.6,-1405.8,-4503.4
2009-01-01T03:15:00,60,ILR,4.68,8.5,3.44,96.48,0.44,127.68,32803.7,-19.1,-4503.6,32773.6,-1405.6,-4503.6
2009-01-01T03:16:00,60,ILR,4.68,8.5,3.46,96.48,0.45,127.45,32802.9,-18.8,-4503.7,32772.8,-1405.3,-4503.7
2009-01-01T03:17:00,60,ILR,4.68,8.5,3.47,96.48,0.45,127.23,32802.7,-18.6,-4503.9,32772.6,-1405,-4503.9
2009-01-01T03:18:00,60,ILR,4.68,8.5,3.49,96.48,0.45,127,32803,-18.3,-4504,32772.9,-1404.7,-4504
2009-01-01T03:19:00,60,ILR,4.68,8.5,3.51,96.48,0.45,126.77,32804.1,-18.2,-4504.1,32774.1,-1404.7,-4504.1
2009-01-01T03:20:00,60,ILR,4.68,8.5,3.53,96.48,0.45,126.54,32804.3,-18.1,-4504.1,32774.2,-1404.6,-4504.1
2009-01-01T03:21:00,60,ILR,4.68,8.5,3.55,96.48,0.45,126.31,32804.6,-18,-4504.2,32774.5,-1404.5,-4504.2
2009-01-01T03:22:00,60,ILR,4.68,8.5,3.56,96.48,0.45,126.08,32804.4,-17.9,-4504.3,32774.4,-1404.4,-4504.3
2009-01-01T03:23:00,60,ILR,4.68,8.5,3.58,96.48,0.45,125.85,32804.3,-17.7,-4504.4,32774.2,-1404.2,-4504.4
2009-01-01T03:24:00,60,ILR,4.68,8.5,3.6,96.48,0.45,125.63,32803.9,-17.7,-4504.5,32773.9,-1404.2,-4504.5
2009-01-01T03:25:00,60,ILR,4.68,8.5,3.62,96.48,0.45,125.4,32803.7,-17.4,-4504.5,32773.7,-1403.9,-4504.5
2009-01-01T03:26:00,60,ILR,4.68,8.5,3.64,96.48,0.45,125.17,32803.7,-17.3,-4504.6,32773.7,-1403.8,-4504.6
2009-01-01T03:27:00,60,ILR,4.68,8.5,3.65,96.48,0.46,124.94,32803.7,-17.2,-4504.7,32773.7,-1403.7,-4504.7
2009-01-01T03:28:00,60,ILR,4.68,8.5,3.67,96.48,0.46,124.71,32803.8,-16.9,-4504.7,32773.7,-1403.4,-4504.7
2009-01-01T03:29:00,60,ILR,4.68,8.5,3.69,96.48,0.46,124.48,32803.7,-16.9,-4504.8,32773.7,-1403.4,-4504.8
2009-01-01T03:30:00,60,ILR,4.68,8.5,3.71,96.48,0.46,124.25,32803.7,-16.8,-4504.9,32773.7,-1403.2,-4504.9
2009-01-01T03:31:00,60,ILR,4.68,8.5,3.73,96.48,0.46,124.02,32803.7,-16.6,-4505,32773.7,-1403.1,-4505
2009-01-01T03:32:00,60,ILR,4.68,8.5,3.74,96.48,0.46,123.79,32803.7,-16.4,-4505.1,32773.7,-1402.9,-4505.1
2009-01-01T03:33:00,60,ILR,4.68,8.5,3.76,96.48,0.46,123.56,32803.7,-16.2,-4505.3,32773.7,-1402.7,-4505.3
2009-01-01T03:34:00,60,ILR,4.68,8.5,3.78,96.48,0.46,123.34,32803.6,-16.2,-4505.4,32773.6,-1402.6,-4505.4
2009-01-01T03:35:00,60,ILR,4.68,8.5,3.8,96.48,0.46,123.11,32803.4,-15.8,-4505.5,32773.5,-1402.3,-4505.5
2009-01-01T03:36:00,60,ILR,4.68,8.5,3.82,96.48,0.46,122.88,32803.1,-15.4,-4505.5,32773.1,-1401.9,-4505.5
2009-01-01T03:37:00,60,ILR,4.68,8.5,3.84,96.48,0.46,122.65,32802.9,-15.4,-4505.6,32773,-1401.8,-4505.6
2009-01-01T03:38:00,60,ILR,4.68,8.5,3.85,96.48,0.47,122.42,32802.8,-15.3,-4505.8,32772.8,-1401.7,-4505.8
2009-01-01T03:39:00,60,ILR,4.68,8.5,3.87,96.48,0.47,122.19,32802.6,-15.1,-4506,32772.6,-1401.5,-4506
2009-01-01T03:40:00,60,ILR,4.68,8.5,3.89,96.48,0.47,121.96,32802.5,-14.8,-4506,32772.6,-1401.2,-4506
2009-01-01T03:41:00,60,ILR,4.68,8.5,3.91,96.48,0.47,121.73,32802.4,-14.5,-4506.1,32772.5,-1400.9,-4506.1
2009-01-01T03:42:00,60,ILR,4.68,8.5,3.92,96.48,0.47,121.5,32802.4,-14.4,-4506.2,32772.5,-1400.8,-4506.2
2009-01-01T03:43:00,60,ILR,4.68,8.5,3.94,96.48,0.47,121.27,32802.2,-14.1,-4506.3,32772.3,-1400.5,-4506.3
2009-01-01T03:44:00,60,ILR,4.68,8.5,3.96,96.48,0.47,121.04,32802.1,-14,-4506.3,32772.2,-1400.4,-4506.3
2009-01-01T03:45:00,60,ILR,4.68,8.5,3.98,96.48,0.47,120.81,32801.9,-13.7,-4506.3,32772,-1400.1,-4506.3
2009-01-01T03:46:00,60,ILR,4.68,8.5,4,96.48,0.47,120.58,32800.9,-13.5,-4506.4,32771,-1399.9,-4506.4
2009-01-01T03:47:00,60,ILR,4.68,8.5,4.01,96.48,0.47,120.35,32800,-13.3,-4506.5,32770.2,-1399.6,-4506.5
2009-01-01T03:48:00,60,ILR,4.68,8.5,4.03,96.48,0.48,120.12,32799.9,-13.1,-4506.7,32770,-1399.4,-4506.7
2009-01-01T03:49:00,60,ILR,4.68,8.5,4.05,96.48,0.48,119.89,32799.9,-13.1,-4506.7,32770,-1399.4,-4506.7
2009-01-01T03:50:00,60,ILR,4.68,8.5,4.07,96.48,0.48,119.66,32799.9,-12.9,-4506.7,32770.1,-1399.2,-4506.7
2009-01-01T03:51:00,60,ILR,4.68,8.5,4.09,96.48,0.48,119.43,32799.7,-12.7,-4506.8,32769.9,-1399,-4506.8
2009-01-01T03:52:00,60,ILR,4.68,8.5,4.1,96.48,0.48,119.2,32799.6,-12.5,-4506.9,32769.7,-1398.8,-4506.9
2009-01-01T03:53:00,60,ILR,4.68,8.5,4.12,96.48,0.48,118.98,32799.6,-12.6,-4507,32769.8,-1398.9,-4507
2009-01-01T03:54:00,60,ILR,4.68,8.5,4.14,96.48,0.48,118.75,32799.4,-12.3,-4507,32769.6,-1398.6,-4507
2009-01-01T03:55:00,60,ILR,4.68,8.5,4.16,96.48,0.48,118.52,32799.2,-12.2,-4507.1,32769.4,-1398.4,-4507.1
2009-01-01T03:56:00,60,ILR,4.68,8.5,4.18,96.48,0.48,118.29,32799.6,-12.1,-4507.1,32769.7,-1398.4,-4507.1
2009-01-01T03:57:00,60,ILR,4.68,8.5,4.19,96.48,0.48,118.06,32799.9,-11.9,-4507.2,32770.1,-1398.3,-4507.2
2009-01-01T03:58:00,60,ILR,4.68,8.5,4.21,96.48,0.49,117.83,32799.2,-11.8,-4507.3,32769.4,-1398.1,-4507.3
2009-01-01T03:59:00,60,ILR,4.68,8.5,4.23,96.48,0.49,117.6,32799.9,-11.6,-4507.3,32770.1,-1397.9,-4507.3
2009-01-01T04:00:00,60,ILR,4.68,8.5,4.25,96.48,0.49,117.37,32800.6,-11.4,-4507.4,32770.8,-1397.8,-4507.4
2009-01-01T04:01:00,60,ILR,4.68,8.5,4.27,96.48,0.49,117.14,32800.6,-11.6,-4507.5,32770.8,-1397.9,-4507.5
2009-01-01T04:02:00,60,ILR,4.68,8.5,4.28,96.48,0.49,116.91,32800.7,-11.5,-4507.5,32770.9,-1397.9,-4507.5
2009-01-01T04:03:00,60,ILR,4.68,8.5,4.3,96.48,0.49,116.68,32800.5,-11.5,-4507.5,32770.7,-1397.8,-4507.5
2009-01-01T04:04:00,60,ILR,4.68,8.5,4.32,96.48,0.49,116.45,32800.6,-11.4,-4507.5,32770.8,-1397.8,-4507.5
2009-01-01T04:05:00,60,ILR,4.68,8.5,4.34,96.48,0.49,116.22,32800.5,-11.4,-4507.6,32770.7,-1397.7,-4507.6
2009-01-01T04:06:00,60,ILR,4.68,8.5,4.36,96.48,0.49,115.99,32800.3,-11.3,-4507.5,32770.5,-1397.6,-4507.5
2009-01-01T04:07:00,60,ILR,4.68,8.5,4.37,96.48,0.5,115.76,32800.5,-11.5,-4507.6,32770.7,-1397.8,-4507.6
2009-01-01T04:08:00,60,ILR,4.68,8.5,4.39,96.48,0.5,115.53,32799.9,-11.3,-4507.5,32770.1,-1397.6,-4507.5
2009-01-01T04:09:00,60,ILR,4.68,8.5,4.41,96.48,0.5,115.3,32800.1,-11.3,-4507.4,32770.3,-1397.6,-4507.4
2009-01-01T04:10:00,60,ILR,4.68,8.5,4.43,96.48,0.5,115.07,32800.1,-11.2,-4507.5,32770.4,-1397.5,-4507.5
2009-01-01T04:11:00,60,ILR,4.68,8.5,4.45,96.48,0.5,114.84,32800.2,-11,-4507.4,32770.4,-1397.4,-4507.4
2009-01-01T04:12:00,60,ILR,4.68,8.5,4.46,96.48,0.5,114.61,32800.3,-11.1,-4507.5,32770.5,-1397.4,-4507.5
2009-01-01T04:13:00,60,ILR,4.68,8.5,4.48,96.48,0.5,114.38,32799.9,-11,-4507.6,32770.1,-1397.3,-4507.6
2009-01-01T04:14:00,60,ILR,4.68,8.5,4.5,96.48,0.5,114.15,32799.8,-10.8,-4507.8,32770,-1397.1,-4507.8
2009-01-01T04:15:00,60,ILR,4.68,8.5,4.52,96.48,0.5,113.92,32798.8,-10.4,-4507.8,32769.1,-1396.7,-4507.8
2009-01-01T04:16:00,60,ILR,4.68,8.5,4.54,96.48,0.51,113.69,32798.8,-10,-4507.8,32769,-1396.3,-4507.8
2009-01-01T04:17:00,60,ILR,4.68,8.5,4.55,96.48,0.51,113.46,32798.4,-9.7,-4507.9,32768.7,-1396,-4507.9
2009-01-01T04:18:00,60,ILR,4.68,8.5,4.57,96.48,0.51,113.23,32798.1,-9.4,-4508,32768.4,-1395.7,-4508
2009-01-01T04:19:00,60,ILR,4.68,8.5,4.59,96.48,0.51,113,32799.5,-9.3,-4508,32769.8,-1395.6,-4508
2009-01-01T04:20:00,60,ILR,4.68,8.5,4.61,96.48,0.51,112.77,32799.5,-9.1,-4508.1,32769.8,-1395.4,-4508.1
2009-01-01T04:21:00,60,ILR,4.68,8.5,4.63,96.48,0.51,112.54,32799.7,-8.9,-4508.1,32770,-1395.2,-4508.1
2009-01-01T04:22:00,60,ILR,4.68,8.5,4.64,96.48,0.51,112.31,32799.9,-8.8,-4508.1,32770.2,-1395.1,-4508.1
2009-01-01T04:23:00,60,ILR,4.68,8.5,4.66,96.48,0.51,112.08,32800.1,-8.7,-4508.2,32770.5,-1395,-4508.2
2009-01-01T04:24:00,60,ILR,4.68,8.5,4.68,96.48,0.51,111.85,32800.2,-8.5,-4508.2,32770.6,-1394.9,-4508.2
2009-01-01T04:25:00,60,ILR,4.68,8.5,4.7,96.48,0.52,111.62,32800.3,-8.5,-4508.3,32770.6,-1394.9,-4508.3
2009-01-01T04:26:00,60,ILR,4.68,8.5,4.72,96.48,0.52,111.39,32800.4,-8.6,-4508.3,32770.7,-1394.9,-4508.3
2009-01-01T04:27:00,60,ILR,4.68,8.5,4.73,96.48,0.52,111.16,32800.4,-8.7,-4508.4,32770.8,-1395,-4508.4
2009-01-01T04:28:00,60,ILR,4.68,8.5,4.75,96.48,0.52,110.93,32800.8,-8.8,-4508.4,32771.1,-1395.2,-4508.4
2009-01-01T04:29:00,60,ILR,4.68,8.5,4.77,96.48,0.52,110.7,32801,-8.9,-4508.5,32771.3,-1395.2,-4508.5
2009-01-01T04:30:00,60,ILR,4.68,8.5,4.79,96.48,0.52,110.47,32800.9,-8.9,-4508.4,32771.2,-1395.3,-4508.4
2009-01-01T04:31:00,60,ILR,4.68,8.5,4.81,96.48,0.52,110.24,32801,-8.9,-4508.5,32771.3,-1395.2,-4508.5
2009-01-01T04:32:00,60,ILR,4.68,8.5,4.82,96.48,0.52,110.01,32801,-8.8,-4508.5,32771.3,-1395.2,-4508.5
2009-01-01T04:33:00,60,ILR,4.68,8.5,4.84,96.48,0.52,109.78,32801.2,-8.9,-4508.5,32771.6,-1395.2,-4508.5
2009-01-01T04:34:00,60,ILR,4.68,8.5,4.86,96.48,0.53,109.55,32801.4,-8.9,-4508.5,32771.7,-1395.3,-4508.5
2009-01-01T04:35:00,60,ILR,4.68,8.5,4.88,96.48,0.53,109.32,32801.4,-9.1,-4508.6,32771.7,-1395.4,-4508.6
2009-01-01T04:36:00,60,ILR,4.68,8.5,4.9,96.48,0.53,109.09,32801.6,-9.1,-4508.7,32771.9,-1395.5,-4508.7
2009-01-01T04:37:00,60,ILR,4.68,8.5,4.92,96.48,0.53,108.86,32801.8,-9.1,-4508.7,32772.1,-1395.5,-4508.7
2009-01-01T04:38:00,60,ILR,4.68,8.5,4.93,96.48,0.53,108.63,32802.4,-9,-4508.7,32772.7,-1395.4,-4508.7
2009-01-01T04:39:00,60,ILR,4.68,8.5,4.95,96.48,0.53,108.4,32802.6,-8.9,-4508.7,32772.9,-1395.3,-4508.7
2009-01-01T04:40:00,60,ILR,4.68,8.5,4.97,96.48,0.53,108.17,32802.9,-8.7,-4508.7,32773.2,-1395.1,-4508.7
2009-01-01T04:41:00,60,ILR,4.68,8.5,4.99,96.48,0.53,107.94,32802.9,-8.6,-4508.7,32773.2,-1395,-4508.7
2009-01-01T04:42:00,60,ILR,4.68,8.5,5.01,96.48,0.54,107.71,32802.9,-8.4,-4508.8,32773.2,-1394.9,-4508.8
2009-01-01T04:43:00,60,ILR,4.68,8.5,5.03,96.48,0.54,107.48,32802.9,-8.3,-4508.8,32773.2,-1394.7,-4508.8
2009-01-01T04:44:00,60,ILR,4.68,8.5,5.04,96.48,0.54,107.25,32802.8,-8.3,-4508.9,32773.1,-1394.7,-4508.9
2009-01-01T04:45:00,60,ILR,4.68,8.5,5.06,96.48,0.54,107.02,32802.5,-8.2,-4508.9,32772.9,-1394.6,-4508.9
2009-01-01T04:46:00,60,ILR,4.68,8.5,5.08,96.48,0.54,106.79,32802.8,-7.7,-4509,32773.2,-1394.2,-4509
2009-01-01T04:47:00,60,ILR,4.68,8.5,5.1,96.48,0.54,106.56,32803.1,-7.3,-4509,32773.5,-1393.7,-4509
2009-01-01T04:48:00,60,ILR,4.68,8.5,5.12,96.48,0.54,106.33,32803.7,-6.9,-4509,32774.1,-1393.4,-4509
2009-01-01T04:49:00,60,ILR,4.68,8.5,5.13,96.48,0.55,106.1,32804.2,-6.5,-4508.9,32774.6,-1393,-4508.9
2009-01-01T04:50:00,60,ILR,4.68,8.5,5.15,96.48,0.55,105.87,32804.6,-6.4,-4508.9,32775,-1392.9,-4508.9
2009-01-01T04:51:00,60,ILR,4.68,8.5,5.17,96.48,0.55,105.64,32804.7,-6.4,-4508.9,32775.1,-1392.9,-4508.9
2009-01-01T04:52:00,60,ILR,4.68,8.5,5.19,96.48,0.55,105.41,32805,-6.6,-4509,32775.4,-1393.1,-4509
2009-01-01T04:53:00,60,ILR,4.68,8.5,5.21,96.48,0.55,105.18,32805.1,-6.9,-4509,32775.5,-1393.4,-4509
2009-01-01T04:54:00,60,ILR,4.68,8.5,5.23,96.48,0.55,104.95,32805.3,-7.3,-4509,32775.7,-1393.8,-4509
2009-01-01T04:55:00,60,ILR,4.68,8.5,5.24,96.48,0.55,104.72,32805.1,-7.5,-4509.2,32775.5,-1394,-4509.2
2009-01-01T04:56:00,60,ILR,4.68,8.5,5.26,96.48,0.55,104.49,32804.9,-7.9,-4509.2,32775.3,-1394.4,-4509.2
2009-01-01T04:57:00,60,ILR,4.68,8.5,5.28,96.48,0.56,104.26,32804.7,-8.2,-4509.3,32775.1,-1394.7,-4509.3
2009-01-01T04:58:00,60,ILR,4.68,8.5,5.3,96.48,0.56,104.03,32804.7,-8.3,-4509.3,32775,-1394.8,-4509.3
2009-01-01T04:59:00,60,ILR,4.68,8.5,5.32,96.48,0.56,103.8,32804.6,-8.4,-4509.4,32774.9,-1394.9,-4509.4
2009-01-01T05:00:00,60,ILR,4.68,8.5,5.34,96.48,0.56,103.57,32804.5,-8.3,-4509.4,32774.8,-1394.8,-4509.4
2009-01-01T05:01:00,60,ILR,4.68,8.5,5.35,96.48,0.56,103.34,32804.4,-8.2,-4509.4,32774.7,-1394.6,-4509.4
2009-01-01T05:02:00,60,ILR,4.68,8.5,5.37,96.48,0.56,103.11,32804.1,-8,-4509.3,32774.5,-1394.5,-4509.3
2009-01-01T05:03:00,60,ILR,4.68,8.5,5.39,96.48,0.56,102.88,32804.1,-7.8,-4509.3,32774.4,-1394.3,-4509.3
2009-01-01T05:04:00,60,ILR,4.68,8.5,5.41,96.48,0.57,102.65,32804,-7.7,-4509.3,32774.4,-1394.2,-4509.3
2009-01-01T05:05:00,60,ILR,4.68,8.5,5.43,96.48,0.57,102.42,32804,-7.4,-4509.3,32774.4,-1393.8,-4509.3
2009-01-01T05:06:00,60,ILR,4.68,8.5,5.45,96.48,0.57,102.19,32804.1,-7,-4509.3,32774.5,-1393.5,-4509.3
2009-01-01T05:07:00,60,ILR,4.68,8.5,5.47,96.48,0.57,101.96,32804.3,-6.8,-4509.2,32774.7,-1393.3,-4509.2
2009-01-01T05:08:00,60,ILR,4.68,8.5,5.48,96.48,0.57,101.73,32804.5,-6.7,-4509.2,32774.9,-1393.1,-4509.2
2009-01-01T05:09:00,60,ILR,4.68,8.5,5.5,96.48,0.57,101.5,32804.1,-6.5,-4509.2,32774.5,-1393,-4509.2
2009-01-01T05:10:00,60,ILR,4.68,8.5,5.52,96.48,0.57,101.27,32804.1,-6.6,-4509.2,32774.5,-1393.1,-4509.2
2009-01-01T05:11:00,60,ILR,4.68,8.5,5.54,96.48,0.58,101.05,32804.1,-6.7,-4509.2,32774.5,-1393.2,-4509.2
2009-01-01T05:12:00,60,ILR,4.68,8.5,5.56,96.48,0.58,100.82,32804.2,-6.8,-4509.2,32774.6,-1393.3,-4509.2
2009-01-01T05:13:00,60,ILR,4.68,8.5,5.58,96.48,0.58,100.59,32804.1,-7,-4509.3,32774.5,-1393.5,-4509.3
2009-01-01T05:14:00,60,ILR,4.68,8.5,5.6,96.48,0.58,100.36,32804.1,-7,-4509.3,32774.5,-1393.5,-4509.3
2009-01-01T05:15:00,60,ILR,4.68,8.5,5.61,96.48,0.58,100.13,32803.9,-7.1,-4509.2,32774.3,-1393.6,-4509.2
2009-01-01T05:16:00,60,ILR,4.68,8.5,5.63,96.48,0.58,99.9,32804.1,-7.3,-4509.3,32774.5,-1393.8,-4509.3
2009-01-01T05:17:00,60,ILR,4.68,8.5,5.65,96.48,0.58,99.67,32804.3,-7.5,-4509.3,32774.6,-1394,-4509.3
2009-01-01T05:18:00,60,ILR,4.68,8.5,5.67,96.48,0.59,99.44,32804.3,-7.6,-4509.2,32774.7,-1394.1,-4509.2
2009-01-01T05:19:00,60,ILR,4.68,8.5,5.69,96.48,0.59,99.21,32804.2,-7.7,-4509.1,32774.6,-1394.1,-4509.1
2009-01-01T05:20:00,60,ILR,4.68,8.5,5.71,96.48,0.59,98.98,32804,-7.7,-4509.1,32774.3,-1394.2,-4509.1
2009-01-01T05:21:00,60,ILR,4.68,8.5,5.73,96.48,0.59,98.75,32803.9,-8,-4509,32774.3,-1394.5,-4509
2009-01-01T05:22:00,60,ILR,4.68,8.5,5.74,96.48,0.59,98.52,32803.8,-7.9,-4509,32774.2,-1394.4,-4509
2009-01-01T05:23:00,60,ILR,4.68,8.5,5.76,96.48,0.59,98.3,32803.5,-7.9,-4508.9,32773.9,-1394.3,-4508.9
2009-01-01T05:24:00,60,ILR,4.68,8.5,5.78,96.48,0.6,98.07,32803.1,-8,-4509,32773.5,-1394.4,-4509
2009-01-01T05:25:00,60,ILR,4.68,8.5,5.8,96.48,0.6,97.84,32802.8,-8.1,-4509,32773.1,-1394.5,-4509
2009-01-01T05:26:00,60,ILR,4.68,8.5,5.82,96.48,0.6,97.61,32802.6,-8.2,-4509,32773,-1394.6,-4509
2009-01-01T05:27:00,60,ILR,4.68,8.5,5.84,96.48,0.6,97.38,32802.3,-8.2,-4509,32772.6,-1394.7,-4509
2009-01-01T05:28:00,60,ILR,4.68,8.5,5.86,96.48,0.6,97.15,32802.1,-8.2,-4508.9,32772.5,-1394.6,-4508.9
2009-01-01T05:29:00,60,ILR,4.68,8.5,5.87,96.48,0.6,96.92,32802.2,-8.4,-4508.9,32772.5,-1394.8,-4508.9
2009-01-01T05:30:00,60,ILR,4.68,8.5,5.89,96.48,0.6,96.69,32802.2,-8.4,-4508.9,32772.5,-1394.8,-4508.9
2009-01-01T05:31:00,60,ILR,4.68,8.5,5.91,96.48,0.61,96.47,32802.1,-8.4,-4508.9,32772.4,-1394.8,-4508.9
2009-01-01T05:32:00,60,ILR,4.68,8.5,5.93,96.48,0.61,96.24,32802,-8.6,-4508.8,32772.3,-1395,-4508.8
2009-01-01T05:33:00,60,ILR,4.68,8.5,5.95,96.48,0.61,96.01,32802,-8.9,-4508.8,32772.3,-1395.3,-4508.8
2009-01-01T05:34:00,60,ILR,4.68,8.5,5.97,96.48,0.61,95.78,32802,-9.4,-4508.8,32772.2,-1395.7,-4508.8
2009-01-01T05:35:00,60,ILR,4.68,8.5,5.99,96.48,0.61,95.55,32801.7,-9.9,-4508.7,32772,-1396.3,-4508.7
2009-01-01T05:36:00,60,ILR,4.68,8.5,6,96.48,0.61,95.32,32801.7,-10.3,-4508.7,32772,-1396.6,-4508.7
2009-01-01T05:37:00,60,ILR,4.68,8.5,6.02,96.48,0.62,95.1,32801.5,-10.4,-4508.7,32771.7,-1396.8,-4508.7
2009-01-01T05:38:00,60,ILR,4.68,8.5,6.04,96.48,0.62,94.87,32801.5,-10.7,-4508.6,32771.7,-1397,-4508.6
2009-01-01T05:39:00,60,ILR,4.68,8.5,6.06,96.48,0.62,94.64,32801.5,-10.8,-4508.6,32771.7,-1397.1,-4508.6
2009-01-01T05:40:00,60,ILR,4.68,8.5,6.08,96.48,0.62,94.41,32801.5,-10.8,-4508.5,32771.8,-1397.2,-4508.5
2009-01-01T05:41:00,60,ILR,4.68,8.5,6.1,96.48,0.62,94.18,32801.6,-11.1,-4508.5,32771.8,-1397.5,-4508.5
2009-01-01T05:42:00,60,ILR,4.68,8.5,6.12,96.48,0.62,93.95,32801.6,-11.2,-4508.5,32771.8,-1397.6,-4508.5
2009-01-01T05:43:00,60,ILR,4.68,8.5,6.14,96.48,0.63,93.73,32801.6,-11.4,-4508.4,32771.8,-1397.8,-4508.4
2009-01-01T05:44:00,60,ILR,4.68,8.5,6.15,96.48,0.63,93.5,32801.4,-11.4,-4508.4,32771.6,-1397.8,-4508.4
2009-01-01T05:45:00,60,ILR,4.68,8.5,6.17,96.48,0.63,93.27,32801.2,-11.6,-4508.3,32771.4,-1397.9,-4508.3
2009-01-01T05:46:00,60,ILR,4.68,8.5,6.19,96.48,0.63,93.04,32801.1,-11.7,-4508.3,32771.3,-1398,-4508.3
2009-01-01T05:47:00,60,ILR,4.68,8.5,6.21,96.48,0.63,92.81,32801.1,-11.7,-4508.3,32771.3,-1398,-4508.3
2009-01-01T05:48:00,60,ILR,4.68,8.5,6.23,96.48,0.64,92.59,32801.1,-11.9,-4508.3,32771.3,-1398.2,-4508.3
2009-01-01T05:49:00,60,ILR,4.68,8.5,6.25,96.48,0.64,92.36,32801.1,-11.9,-4508.4,32771.3,-1398.2,-4508.4
2009-01-01T05:50:00,60,ILR,4.68,8.5,6.27,96.48,0.64,92.13,32801.1,-12,-4508.4,32771.3,-1398.4,-4508.4
2009-01-01T05:51:00,60,ILR,4.68,8.5,6.28,96.48,0.64,91.9,32801.1,-12.1,-4508.3,32771.3,-1398.4,-4508.3
2009-01-01T05:52:00,60,ILR,4.68,8.5,6.3,96.48,0.64,91.68,32801.1,-12.3,-4508.3,32771.2,-1398.7,-4508.3
2009-01-01T05:53:00,60,ILR,4.68,8.5,6.32,96.48,0.64,91.45,32801.2,-12.4,-4508.4,32771.4,-1398.8,-4508.4
2009-01-01T05:54:00,60,ILR,4.68,8.5,6.34,96.48,0.65,91.22,32801.1,-12.4,-4508.5,32771.3,-1398.8,-4508.5
2009-01-01T05:55:00,60,ILR,4.68,8.5,6.36,96.48,0.65,90.99,32801.1,-12.5,-4508.6,32771.2,-1398.8,-4508.6
2009-01-01T05:56:00,60,ILR,4.68,8.5,6.38,96.48,0.65,90.77,32801.1,-12.5,-4508.6,32771.3,-1398.9,-4508.6
2009-01-01T05:57:00,60,ILR,4.68,8.5,6.4,96.48,0.65,90.54,32801.4,-12.5,-4508.7,32771.6,-1398.9,-4508.7
2009-01-01T05:58:00,60,ILR,4.68,8.5,6.42,96.48,0.65,90.31,32801.4,-12.5,-4508.7,32771.6,-1398.9,-4508.7
2009-01-01T05:59:00,60,ILR,4.68,8.5,6.43,96.48,0.66,90.08,32801.4,-12.5,-4508.8,32771.5,-1398.8,-4508.8
2009-01-01T06:00:00,60,ILR,4.68,8.5,6.45,96.48,0.66,89.86,32801.3,-12.5,-4508.9,32771.5,-1398.8,-4508.9
2009-01-01T06:01:00,60,ILR,4.68,8.5,6.47,96.48,0.66,89.63,32801.4,-12.4,-4509,32771.5,-1398.7,-4509
2009-01-01T06:02:00,60,ILR,4.68,8.5,6.49,96.48,0.66,89.4,32801.5,-12.4,-4509,32771.6,-1398.8,-4509
2009-01-01T06:03:00,60,ILR,4.68,8.5,6.51,96.48,0.66,89.18,32801.8,-12.6,-4509.3,32772,-1399,-4509.3
2009-01-01T06:04:00,60,ILR,4.68,8.5,6.53,96.48,0.67,88.95,32802.1,-12.8,-4509.3,32772.3,-1399.2,-4509.3
2009-01-01T06:05:00,60,ILR,4.68,8.5,6.55,96.48,0.67,88.72,32802.4,-13.1,-4509.5,32772.5,-1399.5,-4509.5
2009-01-01T06:06:00,60,ILR,4.68,8.5,6.56,96.48,0.67,88.5,32802.6,-13.5,-4509.9,32772.7,-1399.9,-4509.9
2009-01-01T06:07:00,60,ILR,4.68,8.5,6.58,96.48,0.67,88.27,32802.7,-13.7,-4510,32772.8,-1400.1,-4510
2009-01-01T06:08:00,60,ILR,4.68,8.5,6.6,96.48,0.67,88.04,32802.7,-13.8,-4510.2,32772.8,-1400.2,-4510.2
2009-01-01T06:09:00,60,ILR,4.68,8.5,6.62,96.48,0.67,87.82,32802.6,-13.8,-4510.2,32772.7,-1400.3,-4510.2
2009-01-01T06:10:00,60,ILR,4.68,8.5,6.64,96.48,0.68,87.59,32802.6,-13.9,-4510.3,32772.7,-1400.4,-4510.3
2009-01-01T06:11:00,60,ILR,4.68,8.5,6.66,96.48,0.68,87.36,32802.8,-14.3,-4510.4,32772.9,-1400.7,-4510.4
2009-01-01T06:12:00,60,ILR,4.68,8.5,6.68,96.48,0.68,87.14,32802.8,-14.4,-4510.6,32772.9,-1400.8,-4510.6
2009-01-01T06:13:00,60,ILR,4.68,8.5,6.69,96.48,0.68,86.91,32802.8,-14.6,-4510.9,32772.8,-1401,-4510.9
2009-01-01T06:14:00,60,ILR,4.68,8.5,6.71,96.48,0.69,86.69,32802.7,-14.8,-4510.9,32772.8,-1401.2,-4510.9
2009-01-01T06:15:00,60,ILR,4.68,8.5,6.73,96.48,0.69,86.46,32802.7,-14.9,-4511,32772.7,-1401.3,-4511
2009-01-01T06:16:00,60,ILR,4.68,8.5,6.75,96.48,0.69,86.23,32802.5,-14.9,-4511,32772.6,-1401.3,-4511
2009-01-01T06:17:00,60,ILR,4.68,8.5,6.77,96.48,0.69,86.01,32802.6,-15.1,-4511.1,32772.6,-1401.5,-4511.1
2009-01-01T06:18:00,60,ILR,4.68,8.5,6.79,96.48,0.69,85.78,32802.7,-15.3,-4511.2,32772.7,-1401.7,-4511.2
2009-01-01T06:19:00,60,ILR,4.68,8.5,6.81,96.48,0.7,85.56,32802.5,-15.8,-4511.3,32772.5,-1402.2,-4511.3
2009-01-01T06:20:00,60,ILR,4.68,8.5,6.82,96.48,0.7,85.33,32802.4,-15.9,-4511.5,32772.5,-1402.3,-4511.5
2009-01-01T06:21:00,60,ILR,4.68,8.5,6.84,96.48,0.7,85.1,32802.5,-16.2,-4511.6,32772.5,-1402.6,-4511.6
2009-01-01T06:22:00,60,ILR,4.68,8.5,6.86,96.48,0.7,84.88,32802.4,-16.4,-4511.6,32772.4,-1402.8,-4511.6
2009-01-01T06:23:00,60,ILR,4.68,8.5,6.88,96.48,0.7,84.65,32802.5,-16.6,-4511.7,32772.5,-1403,-4511.7
2009-01-01T06:24:00,60,ILR,4.68,8.5,6.9,96.48,0.71,84.43,32802.4,-17,-4512.1,32772.3,-1403.4,-4512.1
2009-01-01T06:25:00,60,ILR,4.68,8.5,6.92,96.48,0.71,84.2,32802.3,-17,-4512.6,32772.3,-1403.4,-4512.6
2009-01-01T06:26:00,60,ILR,4.68,8.5,6.93,96.48,0.71,83.98,32802.3,-17.3,-4512.9,32772.3,-1403.7,-4512.9
2009-01-01T06:27:00,60,ILR,4.68,8.5,6.95,96.48,0.71,83.75,32802.4,-17.7,-4513,32772.3,-1404.1,-4513
2009-01-01T06:28:00,60,ILR,4.68,8.5,6.97,96.48,0.72,83.53,32802.3,-17.9,-4513,32772.3,-1404.3,-4513
2009-01-01T06:29:00,60,ILR,4.68,8.5,6.99,96.48,0.72,83.3,32802.4,-18.2,-4513,32772.3,-1404.6,-4513
2009-01-01T06:30:00,60,ILR,4.68,8.5,7.01,96.48,0.72,83.08,32802.6,-18.4,-4513.3,32772.5,-1404.8,-4513.3
2009-01-01T06:31:00,60,ILR,4.68,8.5,7.03,96.48,0.72,82.85,32802.6,-18.5,-4513.3,32772.5,-1404.9,-4513.3
2009-01-01T06:32:00,60,ILR,4.68,8.5,7.04,96.48,0.72,82.63,32802.6,-18.6,-4513.3,32772.5,-1405,-4513.3
2009-01-01T06:33:00,60,ILR,4.68,8.5,7.06,96.48,0.73,82.4,32802.7,-18.8,-4513.4,32772.5,-1405.2,-4513.4
2009-01-01T06:34:00,60,ILR,4.68,8.5,7.08,96.48,0.73,82.18,32802.7,-19.1,-4513.3,32772.6,-1405.5,-4513.3
2009-01-01T06:35:00,60,ILR,4.68,8.5,7.1,96.48,0.73,81.96,32802.6,-19.5,-4513.4,32772.5,-1405.9,-4513.4
2009-01-01T06:36:00,60,ILR,4.68,8.5,7.12,96.48,0.73,81.73,32802.4,-19.8,-4513.5,32772.3,-1406.2,-4513.5
2009-01-01T06:37:00,60,ILR,4.68,8.5,7.14,96.48,0.74,81.51,32801.9,-20.2,-4513.5,32771.7,-1406.6,-4513.5
2009-01-01T06:38:00,60,ILR,4.68,8.5,7.15,96.48,0.74,81.28,32800.7,-20.5,-4513.6,32770.5,-1406.8,-4513.6
2009-01-01T06:39:00,60,ILR,4.68,8.5,7.17,96.48,0.74,81.06,32800.3,-20.5,-4513.7,32770.1,-1406.8,-4513.7
2009-01-01T06:40:00,60,ILR,4.68,8.5,7.19,96.48,0.74,80.83,32800.2,-20.6,-4513.7,32770,-1406.9,-4513.7
2009-01-01T06:41:00,60,ILR,4.68,8.5,7.21,96.48,0.75,80.61,32800.2,-20.8,-4513.8,32770,-1407.1,-4513.8
2009-01-01T06:42:00,60,ILR,4.68,8.5,7.23,96.48,0.75,80.39,32800.1,-20.9,-4513.9,32769.9,-1407.2,-4513.9
2009-01-01T06:43:00,60,ILR,4.68,8.5,7.24,96.48,0.75,80.16,32799.9,-21,-4514,32769.7,-1407.3,-4514
2009-01-01T06:44:00,60,ILR,4.68,8.5,7.26,96.48,0.75,79.94,32799.8,-21.1,-4514,32769.6,-1407.4,-4514
2009-01-01T06:45:00,60,ILR,4.68,8.5,7.28,96.48,0.76,79.72,32799.3,-21.2,-4514,32769.1,-1407.5,-4514
2009-01-01T06:46:00,60,ILR,4.68,8.5,7.3,96.48,0.76,79.49,32799,-21.2,-4514,32768.8,-1407.4,-4514
2009-01-01T06:47:00,60,ILR,4.68,8.5,7.32,96.48,0.76,79.27,32798.8,-21.3,-4514.1,32768.6,-1407.6,-4514.1
2009-01-01T06:48:00,60,ILR,4.68,8.5,7.33,96.48,0.76,79.05,32798.6,-21.5,-4514.3,32768.3,-1407.7,-4514.3
2009-01-01T06:49:00,60,ILR,4.68,8.5,7.35,96.48,0.77,78.82,32798.1,-21.5,-4514.5,32767.9,-1407.7,-4514.5
2009-01-01T06:50:00,60,ILR,4.68,8.5,7.37,96.48,0.77,78.6,32797.8,-21.5,-4514.5,32767.6,-1407.7,-4514.5
2009-01-01T06:51:00,60,ILR,4.68,8.5,7.39,96.48,0.77,78.38,32796.8,-21.1,-4514.8,32766.6,-1407.3,-4514.8
2009-01-01T06:52:00,60,ILR,4.68,8.5,7.41,96.48,0.77,78.16,32796.5,-21.5,-4514.7,32766.3,-1407.7,-4514.7
2009-01-01T06:53:00,60,ILR,4.68,8.5,7.42,96.48,0.78,77.93,32796.5,-21.3,-4514.8,32766.3,-1407.4,-4514.8
2009-01-01T06:54:00,60,ILR,4.68,8.5,7.44,96.48,0.78,77.71,32796.5,-21.6,-4514.7,32766.3,-1407.8,-4514.7
2009-01-01T06:55:00,60,ILR,4.68,8.5,7.46,96.48,0.78,77.49,32796.6,-21.5,-4514.7,32766.3,-1407.7,-4514.7
2009-01-01T06:56:00,60,ILR,4.68,8.5,7.48,96.48,0.78,77.27,32796.7,-21.5,-4514.8,32766.5,-1407.6,-4514.8
2009-01-01T06:57:00,60,ILR,4.68,8.5,7.5,96.48,0.79,77.04,32796.8,-21.5,-4514.8,32766.6,-1407.7,-4514.8
2009-01-01T06:58:00,60,ILR,4.68,8.5,7.51,96.48,0.79,76.82,32797.3,-21.8,-4514.7,32767.1,-1408,-4514.7
2009-01-01T06:59:00,60,ILR,4.68,8.5,7.53,96.48,0.79,76.6,32797.5,-22,-4514.8,32767.3,-1408.1,-4514.8
2009-01-01T07:00:00,60,ILR,4.68,8.5,7.55,96.48,0.8,76.38,32797.4,-22.1,-4514.9,32767.2,-1408.3,-4514.9
2009-01-01T07:01:00,60,ILR,4.68,8.5,7.57,96.48,0.8,76.16,32797.4,-22.1,-4514.9,32767.2,-1408.3,-4514.9
2009-01-01T07:02:00,60,ILR,4.68,8.5,7.58,96.48,0.8,75.94,32797.2,-22.1,-4515.2,32766.9,-1408.2,-4515.2
2009-01-01T07:03:00,60,ILR,4.68,8.5,7.6,96.48,0.8,75.71,32796.9,-22.4,-4515.3,32766.7,-1408.5,-4515.3
2009-01-01T07:04:00,60,ILR,4.68,8.5,7.62,96.48,0.81,75.49,32796.9,-22.6,-4515.4,32766.7,-1408.7,-4515.4
2009-01-01T07:05:00,60,ILR,4.68,8.5,7.64,96.48,0.81,75.27,32796.9,-22.8,-4515.6,32766.6,-1409,-4515.6
2009-01-01T07:06:00,60,ILR,4.68,8.5,7.66,96.48,0.81,75.05,32796.8,-23.3,-4515.8,32766.5,-1409.4,-4515.8
2009-01-01T07:07:00,60,ILR,4.68,8.5,7.67,96.48,0.82,74.83,32796.8,-23.6,-4516,32766.5,-1409.7,-4516
2009-01-01T07:08:00,60,ILR,4.68,8.5,7.69,96.48,0.82,74.61,32797,-24.4,-4515.7,32766.6,-1410.5,-4515.7
2009-01-01T07:09:00,60,ILR,4.68,8.5,7.71,96.48,0.82,74.39,32797.1,-24.7,-4515.6,32766.8,-1410.9,-4515.6
2009-01-01T07:10:00,60,ILR,4.68,8.5,7.73,96.48,0.82,74.17,32797.2,-24.9,-4515.5,32766.8,-1411.1,-4515.5
2009-01-01T07:11:00,60,ILR,4.68,8.5,7.74,96.48,0.83,73.95,32797.2,-25.1,-4515.5,32766.8,-1411.2,-4515.5
2009-01-01T07:12:00,60,ILR,4.68,8.5,7.76,96.48,0.83,73.73,32797.1,-25,-4515.6,32766.7,-1411.2,-4515.6
2009-01-01T07:13:00,60,ILR,4.68,8.5,7.78,96.48,0.83,73.51,32797,-25.4,-4515.5,32766.6,-1411.6,-4515.5
2009-01-01T07:14:00,60,ILR,4.68,8.5,7.8,96.48,0.84,73.29,32797.1,-25.7,-4515.4,32766.7,-1411.9,-4515.4
2009-01-01T07:15:00,60,ILR,4.68,8.5,7.81,96.48,0.84,73.07,32797.1,-26,-4515.3,32766.7,-1412.1,-4515.3
2009-01-01T07:16:00,60,ILR,4.68,8.5,7.83,96.48,0.84,72.85,32797.1,-26,-4515.2,32766.7,-1412.2,-4515.2
2009-01-01T07:17:00,60,ILR,4.68,8.5,7.85,96.48,0.85,72.63,32796.9,-26,-4515.3,32766.5,-1412.1,-4515.3
2009-01-01T07:18:00,60,ILR,4.68,8.5,7.86,96.48,0.85,72.41,32796.2,-26,-4515.4,32765.8,-1412.1,-4515.4
2009-01-01T07:19:00,60,ILR,4.68,8.5,7.88,96.48,0.85,72.19,32795.5,-25.6,-4515.9,32765.1,-1411.7,-4515.9
2009-01-01T07:20:00,60,ILR,4.68,8.5,7.9,96.48,0.86,71.97,32795.7,-26,-4515.6,32765.3,-1412.1,-4515.6
2009-01-01T07:21:00,60,ILR,4.68,8.5,7.92,96.48,0.86,71.75,32796.4,-25.8,-4515.6,32766,-1412,-4515.6
2009-01-01T07:22:00,60,ILR,4.68,8.5,7.93,96.48,0.86,71.53,32796.1,-26,-4515.4,32765.7,-1412.1,-4515.4
2009-01-01T07:23:00,60,ILR,4.68,8.5,7.95,96.48,0.87,71.31,32796.1,-25.7,-4515.4,32765.7,-1411.8,-4515.4
2009-01-01T07:24:00,60,ILR,4.68,8.5,7.97,96.48,0.87,71.1,32795.7,-25,-4515.5,32765.3,-1411.1,-4515.5
2009-01-01T07:25:00,60,ILR,4.68,8.5,7.99,96.48,0.87,70.88,32795.9,-24.8,-4515.5,32765.5,-1410.9,-4515.5
2009-01-01T07:26:00,60,ILR,4.68,8.5,8,96.48,0.88,70.66,32796,-24.4,-4515.5,32765.7,-1410.5,-4515.5
2009-01-01T07:27:00,60,ILR,4.68,8.5,8.02,96.48,0.88,70.44,32796.1,-24.2,-4515.5,32765.8,-1410.3,-4515.5
2009-01-01T07:28:00,60,ILR,4.68,8.5,8.04,96.48,0.88,70.22,32796.3,-23.9,-4515.5,32765.9,-1410.1,-4515.5
2009-01-01T07:29:00,60,ILR,4.68,8.5,8.05,96.48,0.89,70.01,32796.3,-24.1,-4515.6,32766,-1410.2,-4515.6
2009-01-01T07:30:00,60,ILR,4.68,8.5,8.07,96.48,0.89,69.79,32796,-24.2,-4515.7,32765.7,-1410.3,-4515.7
2009-01-01T07:31:00,60,ILR,4.68,8.5,8.09,96.48,0.89,69.57,32795.5,-24.1,-4515.8,32765.2,-1410.2,-4515.8
2009-01-01T07:32:00,60,ILR,4.68,8.5,8.1,96.48,0.9,69.35,32795.2,-24.1,-4515.8,32764.9,-1410.2,-4515.8
2009-01-01T07:33:00,60,ILR,4.68,8.5,8.12,96.48,0.9,69.14,32794.5,-23.6,-4516,32764.2,-1409.6,-4516
2009-01-01T07:34:00,60,ILR,4.68,8.5,8.14,96.48,0.9,68.92,32793.9,-23.1,-4516.2,32763.6,-1409.1,-4516.2
2009-01-01T07:35:00,60,ILR,4.68,8.5,8.15,96.48,0.91,68.7,32794,-22.8,-4516.5,32763.7,-1408.8,-4516.5
2009-01-01T07:36:00,60,ILR,4.68,8.5,8.17,96.48,0.91,68.49,32795,-22.7,-4516.8,32764.7,-1408.8,-4516.8
2009-01-01T07:37:00,60,ILR,4.68,8.5,8.19,96.48,0.91,68.27,32795.3,-22.8,-4517,32765.1,-1408.8,-4517
2009-01-01T07:38:00,60,ILR,4.68,8.5,8.21,96.48,0.92,68.05,32795.3,-22.9,-4517.1,32765,-1409,-4517.1
2009-01-01T07:39:00,60,ILR,4.68,8.5,8.22,96.48,0.92,67.84,32795.4,-23,-4517.2,32765.2,-1409.1,-4517.2
2009-01-01T07:40:00,60,ILR,4.68,8.5,8.24,96.48,0.93,67.62,32795.6,-23.1,-4517.3,32765.3,-1409.2,-4517.3
2009-01-01T07:41:00,60,ILR,4.68,8.5,8.26,96.48,0.93,67.41,32795.8,-23.5,-4517.2,32765.5,-1409.6,-4517.2
2009-01-01T07:42:00,60,ILR,4.68,8.5,8.27,96.48,0.93,67.19,32796,-23.9,-4517.2,32765.7,-1410,-4517.2
2009-01-01T07:43:00,60,ILR,4.68,8.5,8.29,96.48,0.94,66.98,32796.2,-24.3,-4517.2,32765.9,-1410.4,-4517.2
2009-01-01T07:44:00,60,ILR,4.68,8.5,8.31,96.48,0.94,66.76,32796.3,-24.6,-4517.1,32766,-1410.7,-4517.1
2009-01-01T07:45:00,60,ILR,4.68,8.5,8.32,96.48,0.94,66.55,32796.9,-25.2,-4516.7,32766.5,-1411.3,-4516.7
2009-01-01T07:46:00,60,ILR,4.68,8.5,8.34,96.48,0.95,66.33,32797.1,-25.8,-4516.5,32766.7,-1411.9,-4516.5
2009-01-01T07:47:00,60,ILR,4.68,8.5,8.36,96.48,0.95,66.12,32797.1,-25.9,-4516.3,32766.7,-1412.1,-4516.3
2009-01-01T07:48:00,60,ILR,4.68,8.5,8.37,96.48,0.96,65.9,32797.7,-26.1,-4516,32767.2,-1412.2,-4516
2009-01-01T07:49:00,60,ILR,4.68,8.5,8.39,96.48,0.96,65.69,32798.1,-26.2,-4515.8,32767.6,-1412.4,-4515.8
2009-01-01T07:50:00,60,ILR,4.68,8.5,8.4,96.48,0.96,65.48,32798.2,-26.6,-4515.8,32767.8,-1412.8,-4515.8
2009-01-01T07:51:00,60,ILR,4.68,8.5,8.42,96.48,0.97,65.26,32798.5,-26.9,-4515.6,32768.1,-1413.1,-4515.6
2009-01-01T07:52:00,60,ILR,4.68,8.5,8.44,96.48,0.97,65.05,32798.5,-28,-4515.4,32768,-1414.3,-4515.4
2009-01-01T07:53:00,60,ILR,4.68,8.5,8.45,96.48,0.98,64.83,32798.4,-28.2,-4515.3,32767.9,-1414.4,-4515.3
2009-01-01T07:54:00,60,ILR,4.68,8.5,8.47,96.48,0.98,64.62,32798.5,-28.1,-4515.2,32768,-1414.3,-4515.2
2009-01-01T07:55:00,60,ILR,4.68,8.5,8.49,96.48,0.99,64.41,32798.4,-28,-4515.2,32767.9,-1414.2,-4515.2
2009-01-01T07:56:00,60,ILR,4.68,8.5,8.5,96.48,0.99,64.2,32798.3,-27.7,-4515.3,32767.8,-1413.9,-4515.3
2009-01-01T07:57:00,60,ILR,4.68,8.5,8.52,96.48,0.99,63.98,32798.4,-27,-4515.3,32767.9,-1413.2,-4515.3
2009-01-01T07:58:00,60,ILR,4.68,8.5,8.54,96.48,1,63.77,32798.5,-26.2,-4515.3,32768.1,-1412.4,-4515.3
2009-01-01T07:59:00,60,ILR,4.68,8.5,8.55,96.48,1,63.56,32798.5,-25.9,-4515.2,32768.1,-1412.2,-4515.2
2009-01-01T08:00:00,60,ILR,4.68,8.5,8.57,96.48,1.01,63.35,32798.6,-25.7,-4515.2,32768.2,-1411.9,-4515.2
2009-01-01T08:01:00,60,ILR,4.68,8.5,8.58,96.48,1.01,63.14,32798.7,-25.5,-4515.3,32768.4,-1411.7,-4515.3
2009-01-01T08:02:00,60,ILR,4.68,8.5,8.6,96.48,1.02,62.92,32798.9,-25.3,-4515.4,32768.5,-1411.5,-4515.4
2009-01-01T08:03:00,60,ILR,4.68,8.5,8.62,96.48,1.02,62.71,32799,-25.1,-4515.5,32768.6,-1411.3,-4515.5
2009-01-01T08:04:00,60,ILR,4.68,8.5,8.63,96.48,1.03,62.5,32798.9,-24.9,-4515.5,32768.6,-1411.1,-4515.5
2009-01-01T08:05:00,60,ILR,4.68,8.5,8.65,96.48,1.03,62.29,32798.8,-24.6,-4515.6,32768.4,-1410.8,-4515.6
2009-01-01T08:06:00,60,ILR,4.68,8.5,8.66,96.48,1.04,62.08,32798.9,-24.5,-4515.6,32768.5,-1410.7,-4515.6
2009-01-01T08:07:00,60,ILR,4.68,8.5,8.68,96.48,1.04,61.87,32799,-24.3,-4515.7,32768.7,-1410.6,-4515.7
2009-01-01T08:08:00,60,ILR,4.68,8.5,8.7,96.48,1.05,61.66,32799.1,-24.1,-4515.7,32768.8,-1410.3,-4515.7
2009-01-01T08:09:00,60,ILR,4.68,8.5,8.71,96.48,1.05,61.45,32799.1,-23.8,-4515.8,32768.7,-1410.1,-4515.8
2009-01-01T08:10:00,60,ILR,4.68,8.5,8.73,96.48,1.05,61.24,32799.1,-23.8,-4515.9,32768.7,-1410,-4515.9
2009-01-01T08:11:00,60,ILR,4.68,8.5,8.74,96.48,1.06,61.03,32799,-23.4,-4516.1,32768.7,-1409.6,-4516.1
2009-01-01T08:12:00,60,ILR,4.68,8.5,8.76,96.48,1.06,60.82,32798.9,-23,-4516.4,32768.6,-1409.2,-4516.4
2009-01-01T08:13:00,60,ILR,4.68,8.5,8.78,96.48,1.07,60.62,32798.8,-22.8,-4516.4,32768.6,-1409,-4516.4
2009-01-01T08:14:00,60,ILR,4.68,8.5,8.79,96.48,1.07,60.41,32798.9,-22.3,-4516.6,32768.6,-1408.6,-4516.6
2009-01-01T08:15:00,60,ILR,4.68,8.5,8.81,96.48,1.08,60.2,32798.8,-22.1,-4516.8,32768.6,-1408.3,-4516.8
2009-01-01T08:16:00,60,ILR,4.68,8.5,8.82,96.48,1.09,59.99,32799,-21.8,-4516.8,32768.8,-1408,-4516.8
2009-01-01T08:17:00,60,ILR,4.68,8.5,8.84,96.48,1.09,59.78,32799.1,-21.5,-4516.9,32768.9,-1407.7,-4516.9
2009-01-01T08:18:00,60,ILR,4.68,8.5,8.86,96.48,1.1,59.58,32799.3,-21.1,-4517,32769.1,-1407.3,-4517
2009-01-01T08:19:00,60,ILR,4.68,8.5,8.87,96.48,1.1,59.37,32799.5,-20.9,-4517,32769.3,-1407.2,-4517
2009-01-01T08:20:00,60,ILR,4.68,8.5,8.89,96.48,1.11,59.16,32799.7,-20.5,-4517.1,32769.5,-1406.8,-4517.1
2009-01-01T08:21:00,60,ILR,4.68,8.5,8.9,96.48,1.11,58.96,32799.7,-20.5,-4517,32769.5,-1406.8,-4517
2009-01-01T08:22:00,60,ILR,4.68,8.5,8.92,96.48,1.12,58.75,32799.8,-20.6,-4516.9,32769.6,-1406.8,-4516.9
2009-01-01T08:23:00,60,ILR,4.68,8.5,8.94,96.48,1.12,58.54,32799.8,-20.2,-4517,32769.6,-1406.5,-4517
2009-01-01T08:24:00,60,ILR,4.68,8.5,8.95,96.48,1.13,58.34,32800,-20,-4516.9,32769.9,-1406.3,-4516.9
2009-01-01T08:25:00,60,ILR,4.68,8.5,8.97,96.48,1.13,58.13,32800.1,-19.9,-4516.9,32769.9,-1406.1,-4516.9
2009-01-01T08:26:00,60,ILR,4.68,8.5,8.98,96.48,1.14,57.93,32800.3,-20,-4516.9,32770.2,-1406.3,-4516.9
2009-01-01T08:27:00,60,ILR,4.68,8.5,9,96.48,1.15,57.72,32801.8,-19.8,-4516.8,32771.7,-1406.2,-4516.8
2009-01-01T08:28:00,60,ILR,4.68,8.5,9.01,96.48,1.15,57.52,32801.8,-19.7,-4516.9,32771.6,-1406.1,-4516.9
2009-01-01T08:29:00,60,ILR,4.68,8.5,9.03,96.48,1.16,57.32,32801.7,-19.1,-4517.1,32771.5,-1405.5,-4517.1
2009-01-01T08:30:00,60,ILR,4.68,8.5,9.05,96.48,1.16,57.11,32802,-18.8,-4517,32771.9,-1405.2,-4517
2009-01-01T08:31:00,60,ILR,4.68,8.5,9.06,96.48,1.17,56.91,32801.7,-18.7,-4517,32771.6,-1405,-4517
2009-01-01T08:32:00,60,ILR,4.68,8.5,9.08,96.48,1.17,56.7,32802,-18.5,-4517,32771.9,-1404.9,-4517
2009-01-01T08:33:00,60,ILR,4.68,8.5,9.09,96.48,1.18,56.5,32802.3,-18.3,-4516.9,32772.2,-1404.7,-4516.9
2009-01-01T08:34:00,60,ILR,4.68,8.5,9.11,96.48,1.19,56.3,32802.5,-18,-4516.9,32772.4,-1404.4,-4516.9
2009-01-01T08:35:00,60,ILR,4.68,8.5,9.12,96.48,1.19,56.1,32802.7,-17.9,-4516.8,32772.6,-1404.3,-4516.8
2009-01-01T08:36:00,60,ILR,4.68,8.5,9.14,96.48,1.2,55.9,32802.7,-17.5,-4516.9,32772.6,-1403.9,-4516.9
2009-01-01T08:37:00,60,ILR,4.68,8.5,9.16,96.48,1.21,55.69,32802.7,-17.3,-4516.8,32772.6,-1403.7,-4516.8
2009-01-01T08:38:00,60,ILR,4.68,8.5,9.17,96.48,1.21,55.49,32802.7,-17.1,-4516.7,32772.6,-1403.4,-4516.7
2009-01-01T08:39:00,60,ILR,4.68,8.5,9.19,96.48,1.22,55.29,32802.8,-16.7,-4516.6,32772.8,-1403.1,-4516.6
2009-01-01T08:40:00,60,ILR,4.68,8.5,9.2,96.48,1.23,55.09,32802.8,-16.6,-4516.3,32772.8,-1403,-4516.3
2009-01-01T08:41:00,60,ILR,4.68,8.5,9.22,96.48,1.23,54.89,32803.1,-16.3,-4516.3,32773.1,-1402.7,-4516.3
2009-01-01T08:42:00,60,ILR,4.68,8.5,9.23,96.48,1.24,54.69,32803.6,-16.3,-4516.2,32773.6,-1402.7,-4516.2
2009-01-01T08:43:00,60,ILR,4.68,8.5,9.25,96.48,1.25,54.49,32804.2,-16.2,-4516.2,32774.2,-1402.7,-4516.2
2009-01-01T08:44:00,60,ILR,4.68,8.5,9.26,96.48,1.25,54.29,32804.9,-16.2,-4516,32774.9,-1402.7,-4516
2009-01-01T08:45:00,60,ILR,4.68,8.5,9.28,96.48,1.26,54.09,32805.2,-16.1,-4515.7,32775.2,-1402.6,-4515.7
2009-01-01T08:46:00,60,ILR,4.68,8.5,9.3,96.48,1.27,53.89,32805.4,-16,-4515.6,32775.4,-1402.5,-4515.6
2009-01-01T08:47:00,60,ILR,4.68,8.5,9.31,96.48,1.27,53.7,32805.7,-16,-4515.5,32775.7,-1402.5,-4515.5
2009-01-01T08:48:00,60,ILR,4.68,8.5,9.33,96.48,1.28,53.5,32805.9,-15.9,-4515.4,32775.9,-1402.4,-4515.4
2009-01-01T08:49:00,60,ILR,4.68,8.5,9.34,96.48,1.29,53.3,32806.2,-15.7,-4515.3,32776.2,-1402.3,-4515.3
2009-01-01T08:50:00,60,ILR,4.68,8.5,9.36,96.48,1.3,53.11,32806.2,-15.5,-4515.3,32776.3,-1402.1,-4515.3
2009-01-01T08:51:00,60,ILR,4.68,8.5,9.37,96.48,1.3,52.91,32806.2,-15.2,-4515.2,32776.2,-1401.8,-4515.2
2009-01-01T08:52:00,60,ILR,4.68,8.5,9.39,96.48,1.31,52.71,32806.2,-15.2,-4515.1,32776.2,-1401.7,-4515.1
2009-01-01T08:53:00,60,ILR,4.68,8.5,9.41,96.48,1.32,52.52,32806.3,-14.9,-4515.2,32776.4,-1401.4,-4515.2
2009-01-01T08:54:00,60,ILR,4.68,8.5,9.42,96.48,1.33,52.32,32806.5,-14.7,-4515,32776.6,-1401.2,-4515
2009-01-01T08:55:00,60,ILR,4.68,8.5,9.44,96.48,1.33,52.13,32806.7,-14.6,-4515,32776.8,-1401.2,-4515
2009-01-01T08:56:00,60,ILR,4.68,8.5,9.45,96.48,1.34,51.93,32807.2,-14.7,-4515,32777.3,-1401.3,-4515
2009-01-01T08:57:00,60,ILR,4.68,8.5,9.47,96.48,1.35,51.74,32808.4,-14.5,-4514.8,32778.5,-1401.2,-4514.8
2009-01-01T08:58:00,60,ILR,4.68,8.5,9.48,96.48,1.36,51.54,32808.7,-14.4,-4514.5,32778.8,-1401,-4514.5
2009-01-01T08:59:00,60,ILR,4.68,8.5,9.5,96.48,1.37,51.35,32809,-14.1,-4513.7,32779.1,-1400.8,-4513.7
2009-01-01T09:00:00,60,ILR,4.68,8.5,9.51,96.48,1.37,51.16,32809.1,-14,-4513.8,32779.2,-1400.6,-4513.8
2009-01-01T09:01:00,60,ILR,4.68,8.5,9.53,96.48,1.38,50.97,32809.1,-13.8,-4513.7,32779.2,-1400.4,-4513.7
2009-01-01T09:02:00,60,ILR,4.68,8.5,9.55,96.48,1.39,50.77,32809.4,-13.5,-4513.7,32779.5,-1400.2,-4513.7
2009-01-01T09:03:00,60,ILR,4.68,8.5,9.56,96.48,1.4,50.58,32809.3,-13.2,-4513.6,32779.4,-1399.9,-4513.6
2009-01-01T09:04:00,60,ILR,4.68,8.5,9.58,96.48,1.41,50.39,32809.3,-13,-4513.5,32779.4,-1399.7,-4513.5
2009-01-01T09:05:00,60,ILR,4.68,8.5,9.59,96.48,1.42,50.2,32809.3,-12.4,-4513.4,32779.5,-1399,-4513.4
2009-01-01T09:06:00,60,ILR,4.68,8.5,9.61,96.48,1.43,50.01,32809.4,-12.1,-4513.3,32779.6,-1398.8,-4513.3
2009-01-01T09:07:00,60,ILR,4.68,8.5,9.62,96.48,1.44,49.82,32809.3,-11.6,-4513.4,32779.5,-1398.3,-4513.4
2009-01-01T09:08:00,60,ILR,4.68,8.5,9.64,96.48,1.44,49.63,32809.2,-11.1,-4513.4,32779.4,-1397.8,-4513.4
2009-01-01T09:09:00,60,ILR,4.68,8.5,9.66,96.48,1.45,49.44,32809.1,-10.9,-4513.5,32779.3,-1397.6,-4513.5
2009-01-01T09:10:00,60,ILR,4.68,8.5,9.67,96.48,1.46,49.26,32809,-11,-4513.6,32779.3,-1397.7,-4513.6
2009-01-01T09:11:00,60,ILR,4.68,8.5,9.69,96.48,1.47,49.07,32809,-11.3,-4513.5,32779.2,-1397.9,-4513.5
2009-01-01T09:12:00,60,ILR,4.68,8.5,9.7,96.48,1.48,48.88,32809.3,-11.5,-4513.5,32779.5,-1398.2,-4513.5
2009-01-01T09:13:00,60,ILR,4.68,8.5,9.72,96.48,1.49,48.69,32809.4,-11.5,-4513.3,32779.6,-1398.2,-4513.3
2009-01-01T09:14:00,60,ILR,4.68,8.5,9.73,96.48,1.5,48.51,32809.6,-11.6,-4513.1,32779.8,-1398.2,-4513.1
2009-01-01T09:15:00,60,ILR,4.68,8.5,9.75,96.48,1.51,48.32,32810.4,-11.7,-4512.8,32780.5,-1398.4,-4512.8
2009-01-01T09:16:00,60,ILR,4.68,8.5,9.77,96.48,1.52,48.14,32810.8,-11.1,-4512.7,32781,-1397.9,-4512.7
2009-01-01T09:17:00,60,ILR,4.68,8.5,9.78,96.48,1.53,47.95,32810.8,-10.6,-4512.3,32781,-1397.4,-4512.3
2009-01-01T09:18:00,60,ILR,4.68,8.5,9.8,96.48,1.54,47.77,32810.9,-10.3,-4512.1,32781.1,-1397.1,-4512.1
2009-01-01T09:19:00,60,ILR,4.68,8.5,9.81,96.48,1.55,47.58,32811.2,-10,-4511.8,32781.5,-1396.8,-4511.8
2009-01-01T09:20:00,60,ILR,4.68,8.5,9.83,96.48,1.56,47.4,32811.6,-10,-4511.4,32781.9,-1396.8,-4511.4
2009-01-01T09:21:00,60,ILR,4.68,8.5,9.84,96.48,1.57,47.22,32811.8,-9.8,-4511.2,32782,-1396.6,-4511.2
2009-01-01T09:22:00,60,ILR,4.68,8.5,9.86,96.48,1.59,47.04,32812.3,-10,-4511,32782.6,-1396.8,-4511
2009-01-01T09:23:00,60,ILR,4.68,8.5,9.88,96.48,1.6,46.86,32812.4,-10.3,-4510.6,32782.6,-1397.1,-4510.6
2009-01-01T09:24:00,60,ILR,4.68,8.5,9.89,96.48,1.61,46.68,32812.8,-10.6,-4510.5,32783,-1397.4,-4510.5
2009-01-01T09:25:00,60,ILR,4.68,8.5,9.91,96.48,1.62,46.5,32814.2,-10.5,-4510.5,32784.4,-1397.4,-4510.5
2009-01-01T09:26:00,60,ILR,4.68,8.5,9.92,96.48,1.63,46.32,32814.6,-10.3,-4510.5,32784.9,-1397.2,-4510.5
2009-01-01T09:27:00,60,ILR,4.68,8.5,9.94,96.48,1.64,46.14,32815,-10,-4510.5,32785.3,-1396.9,-4510.5
2009-01-01T09:28:00,60,ILR,4.68,8.5,9.96,96.48,1.66,45.96,32815.4,-9.9,-4510.3,32785.7,-1396.8,-4510.3
2009-01-01T09:29:00,60,ILR,4.68,8.5,9.97,96.48,1.67,45.78,32815.6,-9.6,-4510.2,32785.8,-1396.5,-4510.2
2009-01-01T09:30:00,60,ILR,4.68,8.5,9.99,96.48,1.68,45.6,32815.8,-9.5,-4510.2,32786,-1396.5,-4510.2
2009-01-01T09:31:00,60,ILR,4.68,8.5,10,96.48,1.69,45.43,32815.9,-9.4,-4510.2,32786.2,-1396.3,-4510.2
2009-01-01T09:32:00,60,ILR,4.68,8.5,10.02,96.48,1.71,45.25,32816.1,-9.3,-4510.1,32786.4,-1396.2,-4510.1
2009-01-01T09:33:00,60,ILR,4.68,8.5,10.04,96.48,1.72,45.08,32816.1,-8.7,-4509.7,32786.4,-1395.7,-4509.7
2009-01-01T09:34:00,60,ILR,4.68,8.5,10.05,96.48,1.73,44.9,32816.2,-8.4,-4509.4,32786.5,-1395.3,-4509.4
2009-01-01T09:35:00,60,ILR,4.68,8.5,10.07,96.48,1.74,44.73,32816.6,-8.2,-4508.3,32786.9,-1395.1,-4508.3
2009-01-01T09:36:00,60,ILR,4.68,8.5,10.08,96.48,1.76,44.55,32817,-8,-4507.9,32787.4,-1395,-4507.9
2009-01-01T09:37:00,60,ILR,4.68,8.5,10.1,96.48,1.77,44.38,32817.8,-8.1,-4507.7,32788.2,-1395.2,-4507.7
2009-01-01T09:38:00,60,ILR,4.68,8.5,10.12,96.48,1.79,44.21,32818.1,-7.9,-4507.6,32788.4,-1394.9,-4507.6
2009-01-01T09:39:00,60,ILR,4.68,8.5,10.13,96.48,1.8,44.04,32818.2,-7.9,-4507.5,32788.6,-1394.9,-4507.5
2009-01-01T09:40:00,60,ILR,4.68,8.5,10.15,96.48,1.81,43.87,32818.8,-7.9,-4507.4,32789.2,-1395,-4507.4
2009-01-01T09:41:00,60,ILR,4.68,8.5,10.16,96.48,1.83,43.7,32819.4,-7.6,-4507.4,32789.7,-1394.7,-4507.4
2009-01-01T09:42:00,60,ILR,4.68,8.5,10.18,96.48,1.84,43.53,32819.4,-7.2,-4507.4,32789.7,-1394.3,-4507.4
2009-01-01T09:43:00,60,ILR,4.68,8.5,10.2,96.48,1.86,43.36,32819.5,-7,-4507.3,32789.9,-1394.1,-4507.3
2009-01-01T09:44:00,60,ILR,4.68,8.5,10.21,96.48,1.87,43.19,32819.6,-6.9,-4507.2,32790,-1394,-4507.2
2009-01-01T09:45:00,60,ILR,4.68,8.5,10.23,96.48,1.89,43.02,32819.7,-6.8,-4507.1,32790.1,-1393.9,-4507.1
2009-01-01T09:46:00,60,ILR,4.68,8.5,10.24,96.48,1.91,42.86,32819.8,-6.7,-4507,32790.2,-1393.8,-4507
2009-01-01T09:47:00,60,ILR,4.68,8.5,10.26,96.48,1.92,42.69,32820,-6.7,-4506.8,32790.4,-1393.8,-4506.8
2009-01-01T09:48:00,60,ILR,4.68,8.5,10.28,96.48,1.94,42.53,32821.1,-6.5,-4506.6,32791.5,-1393.7,-4506.6
2009-01-01T09:49:00,60,ILR,4.68,8.5,10.29,96.48,1.95,42.36,32821.2,-6.3,-4506.3,32791.6,-1393.5,-4506.3
2009-01-01T09:50:00,60,ILR,4.68,8.5,10.31,96.48,1.97,42.2,32821.6,-6.3,-4506.2,32792,-1393.5,-4506.2
2009-01-01T09:51:00,60,ILR,4.68,8.5,10.33,96.48,1.99,42.04,32821.9,-6.2,-4505.9,32792.4,-1393.4,-4505.9
2009-01-01T09:52:00,60,ILR,4.68,8.5,10.34,96.48,2.01,41.88,32822.2,-6,-4505.6,32792.6,-1393.2,-4505.6
2009-01-01T09:53:00,60,ILR,4.68,8.5,10.36,96.48,2.02,41.72,32822.4,-5.8,-4505.4,32792.8,-1393,-4505.4
2009-01-01T09:54:00,60,ILR,4.68,8.5,10.37,96.48,2.04,41.56,32822.6,-5.8,-4505.3,32793,-1393,-4505.3
2009-01-01T09:55:00,60,ILR,4.68,8.5,10.39,96.48,2.06,41.4,32822.7,-5.5,-4505.1,32793.1,-1392.8,-4505.1
2009-01-01T09:56:00,60,ILR,4.68,8.5,10.41,96.48,2.08,41.24,32822.6,-5.4,-4504.9,32793.1,-1392.6,-4504.9
2009-01-01T09:57:00,60,ILR,4.68,8.5,10.42,96.48,2.1,41.08,32823.4,-5.5,-4504.9,32793.9,-1392.7,-4504.9
2009-01-01T09:58:00,60,ILR,4.68,8.5,10.44,96.48,2.12,40.92,32824.5,-5.4,-4504.4,32794.9,-1392.7,-4504.4
2009-01-01T09:59:00,60,ILR,4.68,8.5,10.46,96.48,2.14,40.77,32824.9,-5.4,-4504.4,32795.4,-1392.7,-4504.4
2009-01-01T10:00:00,60,ILR,4.68,8.5,10.47,96.48,2.16,40.61,32825.4,-5.3,-4504.4,32795.8,-1392.6,-4504.4
2009-01-01T10:01:00,60,ILR,4.68,8.5,10.49,96.48,2.18,40.46,32825.5,-5.1,-4504.5,32795.9,-1392.5,-4504.5
2009-01-01T10:02:00,60,ILR,4.68,8.5,10.51,96.48,2.2,40.31,32825.4,-4.9,-4504.5,32795.9,-1392.3,-4504.5
2009-01-01T10:03:00,60,ILR,4.68,8.5,10.52,96.48,2.22,40.15,32825,-4.8,-4504.6,32795.5,-1392.1,-4504.6
2009-01-01T10:04:00,60,ILR,4.68,8.5,10.54,96.48,2.25,40,32824.8,-4.6,-4504.6,32795.3,-1392,-4504.6
2009-01-01T10:05:00,60,ILR,4.68,8.5,10.56,96.48,2.27,39.85,32824.8,-4.5,-4504.7,32795.3,-1391.9,-4504.7
2009-01-01T10:06:00,60,ILR,4.68,8.5,10.57,96.48,2.29,39.7,32824.8,-4.6,-4504.7,32795.3,-1391.9,-4504.7
2009-01-01T10:07:00,60,ILR,4.68,8.5,10.59,96.48,2.31,39.55,32824.9,-4.5,-4504.7,32795.4,-1391.8,-4504.7
2009-01-01T10:08:00,60,ILR,4.68,8.5,10.61,96.48,2.34,39.41,32825.4,-4.4,-4504.7,32795.9,-1391.7,-4504.7
2009-01-01T10:09:00,60,ILR,4.68,8.5,10.62,96.48,2.36,39.26,32825.8,-4.4,-4504.6,32796.3,-1391.8,-4504.6
2009-01-01T10:10:00,60,ILR,4.68,8.5,10.64,96.48,2.39,39.11,32826,-4.3,-4504.2,32796.4,-1391.7,-4504.2
2009-01-01T10:11:00,60,ILR,4.68,8.5,10.66,96.48,2.41,38.97,32826.2,-4.2,-4504,32796.7,-1391.6,-4504
2009-01-01T10:12:00,60,ILR,4.68,8.5,10.67,96.48,2.44,38.82,32826.7,-4.2,-4503.7,32797.2,-1391.6,-4503.7
2009-01-01T10:13:00,60,ILR,4.68,8.5,10.69,96.48,2.46,38.68,32827,-4.1,-4503.3,32797.5,-1391.6,-4503.3
2009-01-01T10:14:00,60,ILR,4.68,8.5,10.71,96.48,2.49,38.54,32827,-4.2,-4502.9,32797.5,-1391.6,-4502.9
2009-01-01T10:15:00,60,ILR,4.68,8.5,10.72,96.48,2.52,38.4,32827.2,-4.2,-4502.1,32797.7,-1391.6,-4502.1
2009-01-01T10:16:00,60,ILR,4.68,8.5,10.74,96.48,2.55,38.26,32827.3,-4.2,-4501.7,32797.8,-1391.6,-4501.7
2009-01-01T10:17:00,60,ILR,4.68,8.5,10.76,96.48,2.58,38.12,32827.1,-4.2,-4501.6,32797.6,-1391.6,-4501.6
2009-01-01T10:18:00,60,ILR,4.68,8.5,10.77,96.48,2.61,37.98,32827.4,-5.2,-4501.4,32797.9,-1392.6,-4501.4
2009-01-01T10:19:00,60,ILR,4.68,8.5,10.79,96.48,2.64,37.85,32827.8,-5.1,-4501.3,32798.2,-1392.5,-4501.3
2009-01-01T10:20:00,60,ILR,4.68,8.5,10.81,96.48,2.67,37.71,32828.1,-5.1,-4501.3,32798.5,-1392.6,-4501.3
2009-01-01T10:21:00,60,ILR,4.68,8.5,10.82,96.48,2.7,37.58,32828.6,-5.3,-4501.2,32799,-1392.8,-4501.2
2009-01-01T10:22:00,60,ILR,4.68,8.5,10.84,96.48,2.73,37.44,32829.2,-5.4,-4500.7,32799.7,-1392.9,-4500.7
2009-01-01T10:23:00,60,ILR,4.68,8.5,10.86,96.48,2.76,37.31,32829.5,-5.4,-4500.2,32800,-1392.9,-4500.2
2009-01-01T10:24:00,60,ILR,4.68,8.5,10.88,96.48,2.8,37.18,32829.9,-5.4,-4499.8,32800.4,-1393,-4499.8
2009-01-01T10:25:00,60,ILR,4.68,8.5,10.89,96.48,2.83,37.05,32829.8,-5.1,-4499.2,32800.2,-1392.7,-4499.2
2009-01-01T10:26:00,60,ILR,4.68,8.5,10.91,96.48,2.87,36.92,32829.4,-5,-4498.9,32799.8,-1392.5,-4498.9
2009-01-01T10:27:00,60,ILR,4.68,8.5,10.93,96.48,2.91,36.8,32828.5,-5.3,-4499,32798.9,-1392.8,-4499
2009-01-01T10:28:00,60,ILR,4.68,8.5,10.94,96.48,2.94,36.67,32828.2,-5.7,-4499.1,32798.6,-1393.2,-4499.1
2009-01-01T10:29:00,60,ILR,4.68,8.5,10.96,96.48,2.98,36.55,32828,-5.7,-4499.1,32798.4,-1393.2,-4499.1
2009-01-01T10:30:00,60,ILR,4.68,8.5,10.98,96.48,3.02,36.42,32828.2,-5.7,-4498.8,32798.6,-1393.2,-4498.8
2009-01-01T10:31:00,60,ILR,4.68,8.5,11,96.48,3.06,36.3,32828.8,-5.6,-4498.5,32799.2,-1393.1,-4498.5
2009-01-01T10:32:00,60,ILR,4.68,8.5,11.01,96.48,3.11,36.18,32829.2,-5.5,-4498.1,32799.6,-1393,-4498.1
2009-01-01T10:33:00,60,ILR,4.68,8.5,11.03,96.48,3.15,36.06,32829.2,-5.3,-4497.8,32799.7,-1392.8,-4497.8
2009-01-01T10:34:00,60,ILR,4.68,8.5,11.05,96.48,3.19,35.94,32829.6,-5.1,-4497.7,32800,-1392.6,-4497.7
2009-01-01T10:35:00,60,ILR,4.68,8.5,11.06,96.48,3.24,35.82,32830.2,-4.9,-4497.5,32800.7,-1392.5,-4497.5
2009-01-01T10:36:00,60,ILR,4.68,8.5,11.08,96.48,3.29,35.71,32830.4,-4.9,-4497.2,32800.9,-1392.5,-4497.2
2009-01-01T10:37:00,60,ILR,4.68,8.5,11.1,96.48,3.33,35.59,32830.4,-4.7,-4496.9,32800.8,-1392.3,-4496.9
2009-01-01T10:38:00,60,ILR,4.68,8.5,11.12,96.48,3.38,35.48,32830.1,-4.7,-4496.6,32800.6,-1392.2,-4496.6
2009-01-01T10:39:00,60,ILR,4.68,8.5,11.13,96.48,3.43,35.36,32830.2,-4.7,-4496.5,32800.6,-1392.2,-4496.5
2009-01-01T10:40:00,60,ILR,4.68,8.5,11.15,96.48,3.49,35.25,32830.4,-4.6,-4496.2,32800.8,-1392.2,-4496.2
2009-01-01T10:41:00,60,ILR,4.68,8.5,11.17,96.48,3.54,35.14,32830.2,-4.4,-4496,32800.7,-1392,-4496
2009-01-01T10:42:00,60,ILR,4.68,8.5,11.19,96.48,3.6,35.04,32830.4,-4.5,-4495.8,32800.9,-1392.1,-4495.8
2009-01-01T10:43:00,60,ILR,4.68,8.5,11.2,96.48,3.66,34.93,32831.1,-4.6,-4495.4,32801.5,-1392.2,-4495.4
2009-01-01T10:44:00,60,ILR,4.68,8.5,11.22,96.48,3.72,34.82,32831.6,-4.6,-4494.9,32802.1,-1392.2,-4494.9
2009-01-01T10:45:00,60,ILR,4.68,8.5,11.24,96.48,3.78,34.72,32832.3,-4.5,-4494.2,32802.7,-1392.1,-4494.2
2009-01-01T10:46:00,60,ILR,4.68,8.5,11.26,96.48,3.84,34.62,32832.8,-4.4,-4494,32803.3,-1392,-4494
2009-01-01T10:47:00,60,ILR,4.68,8.5,11.27,96.48,3.91,34.52,32833,-4.2,-4493.6,32803.4,-1391.8,-4493.6
2009-01-01T10:48:00,60,ILR,4.68,8.5,11.29,96.48,3.98,34.42,32833.4,-4,-4493,32803.9,-1391.7,-4493
2009-01-01T10:49:00,60,ILR,4.68,8.5,11.31,96.48,4.05,34.32,32834.8,-3.8,-4492.5,32805.3,-1391.6,-4492.5
2009-01-01T10:50:00,60,ILR,4.68,8.5,11.33,96.48,4.12,34.22,32835.2,-3.6,-4492,32805.7,-1391.4,-4492
2009-01-01T10:51:00,60,ILR,4.68,8.5,11.34,96.48,4.2,34.13,32835.6,-3.3,-4491.3,32806.2,-1391.1,-4491.3
2009-01-01T10:52:00,60,ILR,4.68,8.5,11.36,96.48,4.27,34.03,32836.3,-3.2,-4490.7,32806.8,-1391,-4490.7
2009-01-01T10:53:00,60,ILR,4.68,8.5,11.38,96.48,4.36,33.94,32836.8,-3,-4490.2,32807.4,-1390.8,-4490.2
2009-01-01T10:54:00,60,ILR,4.68,8.5,11.4,96.48,4.44,33.85,32837,-2.8,-4489.9,32807.5,-1390.7,-4489.9
2009-01-01T10:55:00,60,ILR,4.68,8.5,11.42,96.48,4.53,33.76,32837.6,-2.5,-4489.6,32808.2,-1390.4,-4489.6
2009-01-01T10:56:00,60,ILR,4.68,8.5,11.43,96.48,4.62,33.67,32838.4,-2.5,-4489.1,32808.9,-1390.4,-4489.1
2009-01-01T10:57:00,60,ILR,4.68,8.5,11.45,96.48,4.72,33.58,32838.7,-2.3,-4488.6,32809.3,-1390.2,-4488.6
2009-01-01T10:58:00,60,ILR,4.68,8.5,11.47,96.48,4.82,33.5,32839.1,-2.1,-4488.1,32809.6,-1390,-4488.1
2009-01-01T10:59:00,60,ILR,4.68,8.5,11.49,96.48,4.92,33.42,32839.5,-2.1,-4486.9,32810,-1390,-4486.9
2009-01-01T11:00:00,60,ILR,4.68,8.5,11.5,96.48,5.03,33.34,32839.9,-1.8,-4486.5,32810.5,-1389.7,-4486.5
2009-01-01T11:01:00,60,ILR,4.68,8.5,11.52,96.48,5.15,33.26,32840.2,-1.4,-4486.1,32810.8,-1389.4,-4486.1
2009-01-01T11:02:00,60,ILR,4.68,8.5,11.54,96.48,5.26,33.18,32840.6,-1.4,-4485.9,32811.2,-1389.4,-4485.9
2009-01-01T11:03:00,60,ILR,4.68,8.5,11.56,96.48,5.39,33.1,32840.8,-1.4,-4485.8,32811.4,-1389.4,-4485.8
2009-01-01T11:04:00,60,ILR,4.68,8.5,11.58,96.48,5.52,33.03,32840.7,-1.1,-4485.4,32811.3,-1389.1,-4485.4
2009-01-01T11:05:00,60,ILR,4.68,8.5,11.59,96.48,5.66,32.95,32840.7,-0.2,-4485.1,32811.3,-1388.2,-4485.1
2009-01-01T11:06:00,60,ILR,4.68,8.5,11.61,96.48,5.8,32.88,32840.9,0.3,-4484.7,32811.5,-1387.8,-4484.7
2009-01-01T11:07:00,60,ILR,4.68,8.5,11.63,96.48,5.95,32.81,32841.4,0.4,-4484.2,32812.1,-1387.6,-4484.2
2009-01-01T11:08:00,60,ILR,4.68,8.5,11.65,96.48,6.11,32.74,32843.3,0.8,-4483.9,32814,-1387.3,-4483.9
2009-01-01T11:09:00,60,ILR,4.68,8.5,11.67,96.48,6.28,32.67,32844.1,1.2,-4483,32814.8,-1387,-4483
2009-01-01T11:10:00,60,ILR,4.68,8.5,11.68,96.48,6.46,32.61,32844.5,1.3,-4482.6,32815.2,-1386.8,-4482.6
2009-01-01T11:11:00,60,ILR,4.68,8.5,11.7,96.48,6.65,32.55,32844.7,1.4,-4481.9,32815.4,-1386.8,-4481.9
2009-01-01T11:12:00,60,ILR,4.68,8.5,11.72,96.48,6.85,32.48,32844.7,1.6,-4481.7,32815.4,-1386.6,-4481.7
2009-01-01T11:13:00,60,ILR,4.68,8.5,11.74,96.48,7.06,32.43,32844.8,1.8,-4481.4,32815.5,-1386.4,-4481.4
2009-01-01T11:14:00,60,ILR,4.68,8.5,11.76,96.48,7.29,32.37,32845.1,1.9,-4480.9,32815.8,-1386.3,-4480.9
2009-01-01T11:15:00,60,ILR,4.68,8.5,11.77,96.48,7.53,32.31,32845.2,1.8,-4480.6,32815.9,-1386.4,-4480.6
2009-01-01T11:16:00,60,ILR,4.68,8.5,11.79,96.48,7.79,32.26,32845,1.8,-4480.5,32815.7,-1386.4,-4480.5
2009-01-01T11:17:00,60,ILR,4.68,8.5,11.81,96.48,8.06,32.2,32845.1,1.7,-4480.2,32815.8,-1386.4,-4480.2
2009-01-01T11:18:00,60,ILR,4.68,8.5,11.83,96.48,8.36,32.15,32845.3,1.8,-4479.7,32816,-1386.4,-4479.7
2009-01-01T11:19:00,60,ILR,4.68,8.5,11.85,96.48,8.67,32.1,32844.8,1.7,-4479.2,32815.5,-1386.5,-4479.2
2009-01-01T11:20:00,60,ILR,4.68,8.5,11.86,96.48,9.01,32.06,32845,1.8,-4478.4,32815.7,-1386.4,-4478.4
2009-01-01T11:21:00,60,ILR,4.68,8.5,11.88,96.48,9.38,32.01,32845.1,2,-4478.1,32815.9,-1386.2,-4478.1
2009-01-01T11:22:00,60,ILR,4.68,8.5,11.9,96.48,9.79,31.97,32845.2,1.8,-4477.8,32815.9,-1386.3,-4477.8
2009-01-01T11:23:00,60,ILR,4.68,8.5,11.92,96.48,10.22,31.92,32844.6,2,-4477.7,32815.4,-1386.2,-4477.7
2009-01-01T11:24:00,60,ILR,4.68,8.5,11.94,96.48,10.7,31.88,32844.6,2.1,-4477.7,32815.4,-1386.1,-4477.7
2009-01-01T11:25:00,60,ILR,4.68,8.5,11.96,96.48,11.22,31.84,32844.6,2.4,-4477.4,32815.3,-1385.8,-4477.4
2009-01-01T11:26:00,60,ILR,4.68,8.5,11.97,96.48,11.8,31.81,32844.6,2.4,-4477.2,32815.4,-1385.8,-4477.2
2009-01-01T11:27:00,60,ILR,4.68,8.5,11.99,96.48,12.44,31.77,32844.6,2.6,-4476.6,32815.3,-1385.5,-4476.6
2009-01-01T11:28:00,60,ILR,4.68,8.5,12.01,96.48,13.14,31.74,32844.6,2.8,-4476.3,32815.3,-1385.4,-4476.3
2009-01-01T11:29:00,60,ILR,4.68,8.5,12.03,96.48,13.94,31.71,32844.6,3,-4476,32815.3,-1385.2,-4476
2009-01-01T11:30:00,60,ILR,4.68,8.5,12.05,96.48,14.83,31.68,32844.1,3.3,-4475.8,32814.9,-1384.9,-4475.8
2009-01-01T11:31:00,60,ILR,4.68,8.5,12.07,96.48,15.84,31.65,32844,3.4,-4475.7,32814.8,-1384.7,-4475.7
2009-01-01T11:32:00,60,ILR,4.68,8.5,12.08,96.48,17,31.63,32844.4,3.4,-4475,32815.2,-1384.7,-4475
2009-01-01T11:33:00,60,ILR,4.68,8.5,12.1,96.48,18.33,31.6,32844.4,3.5,-4474.6,32815.2,-1384.6,-4474.6
2009-01-01T11:34:00,60,ILR,4.68,8.5,12.12,96.48,19.88,31.58,32844.4,3.6,-4474.2,32815.2,-1384.5,-4474.2
2009-01-01T11:35:00,60,ILR,4.68,8.5,12.14,96.48,21.7,31.56,32843.8,3.7,-4474,32814.6,-1384.4,-4474
2009-01-01T11:36:00,60,ILR,4.68,8.5,12.16,96.48,23.86,31.54,32843.6,3.8,-4473.8,32814.4,-1384.3,-4473.8
2009-01-01T11:37:00,60,ILR,4.68,8.5,12.18,96.48,26.48,31.53,32843.1,4.1,-4473.5,32814,-1384,-4473.5
2009-01-01T11:38:00,60,ILR,4.68,8.5,12.19,96.48,29.67,31.51,32842.8,4.2,-4473.5,32813.7,-1383.9,-4473.5
2009-01-01T11:39:00,60,ILR,4.68,8.5,12.21,96.48,33.65,31.5,32842.5,4.5,-4473.4,32813.4,-1383.6,-4473.4
2009-01-01T11:40:00,60,ILR,4.68,8.5,12.23,96.48,38.67,31.49,32841.6,4.7,-4473.3,32812.5,-1383.4,-4473.3
2009-01-01T11:41:00,60,ILR,4.68,8.5,12.25,96.48,45.09,31.48,32841.5,4.8,-4473.1,32812.3,-1383.2,-4473.1
2009-01-01T11:42:00,60,ILR,4.68,8.5,12.27,96.48,53.34,31.48,32841.5,4.9,-4472.7,32812.4,-1383.2,-4472.7
2009-01-01T11:43:00,60,ILR,4.68,8.5,12.29,96.48,63.82,31.47,32841.4,5.1,-4472.4,32812.3,-1382.9,-4472.4
2009-01-01T11:44:00,60,ILR,4.68,8.5,12.3,96.48,76.56,31.47,32840.9,5.2,-4472.1,32811.8,-1382.8,-4472.1
2009-01-01T11:45:00,60,ILR,4.68,8.5,12.32,96.48,90.79,31.47,32840.5,5.2,-4471.9,32811.4,-1382.8,-4471.9
2009-01-01T11:46:00,60,ILR,4.68,8.5,12.34,96.48,104.92,31.47,32840.5,5.2,-4471.7,32811.4,-1382.8,-4471.7
2009-01-01T11:47:00,60,ILR,4.68,8.5,12.36,96.48,117.44,31.47,32840.5,5.2,-4471.5,32811.4,-1382.8,-4471.5
2009-01-01T11:48:00,60,ILR,4.68,8.5,12.38,96.48,127.66,31.48,32840.5,5.2,-4471,32811.4,-1382.8,-4471
2009-01-01T11:49:00,60,ILR,4.68,8.5,12.39,96.48,135.69,31.48,32840.5,5.4,-4470.2,32811.4,-1382.6,-4470.2
2009-01-01T11:50:00,60,ILR,4.68,8.5,12.41,96.48,141.94,31.49,32840.5,5.4,-4469.9,32811.4,-1382.6,-4469.9
2009-01-01T11:51:00,60,ILR,4.68,8.5,12.43,96.48,146.83,31.5,32840.6,5.8,-4469.5,32811.5,-1382.2,-4469.5
2009-01-01T11:52:00,60,ILR,4.68,8.5,12.45,96.48,150.71,31.51,32840.9,5.9,-4469.1,32811.9,-1382.1,-4469.1
2009-01-01T11:53:00,60,ILR,4.68,8.5,12.47,96.48,153.83,31.53,32841.2,6,-4468.8,32812.1,-1382.1,-4468.8
2009-01-01T11:54:00,60,ILR,4.68,8.5,12.49,96.48,156.39,31.54,32841.3,6.3,-4468.4,32812.2,-1381.8,-4468.4
2009-01-01T11:55:00,60,ILR,4.68,8.5,12.5,96.48,158.52,31.56,32841.5,6.3,-4467.9,32812.4,-1381.7,-4467.9
2009-01-01T11:56:00,60,ILR,4.68,8.5,12.52,96.48,160.3,31.58,32841.9,6.7,-4467.4,32812.9,-1381.4,-4467.4
2009-01-01T11:57:00,60,ILR,4.68,8.5,12.54,96.48,161.83,31.6,32842,6.8,-4466.9,32812.9,-1381.3,-4466.9
2009-01-01T11:58:00,60,ILR,4.68,8.5,12.56,96.48,163.14,31.63,32841.4,6.9,-4466.6,32812.4,-1381.1,-4466.6
2009-01-01T11:59:00,60,ILR,4.68,8.5,12.58,96.48,164.27,31.65,32841.2,6.8,-4466.2,32812.1,-1381.2,-4466.2
2009-01-01T12:00:00,60,ILR,4.68,8.5,12.6,96.48,165.27,31.68,32840.9,6.8,-4465.9,32811.9,-1381.2,-4465.9
2009-01-01T12:01:00,60,ILR,4.68,8.5,12.61,96.48,166.15,31.71,32840.9,7,-4465.5,32811.9,-1381,-4465.5
2009-01-01T12:02:00,60,ILR,4.68,8.5,12.63,96.48,166.94,31.74,32841,6.9,-4465.2,32811.9,-1381.1,-4465.2
2009-01-01T12:03:00,60,ILR,4.68,8.5,12.65,96.48,167.64,31.77,32840.9,6.8,-4464.9,32811.8,-1381.2,-4464.9
2009-01-01T12:04:00,60,ILR,4.68,8.5,12.67,96.48,168.27,31.81,32840.7,6.8,-4464.8,32811.6,-1381.2,-4464.8
2009-01-01T12:05:00,60,ILR,4.68,8.5,12.69,96.48,168.84,31.85,32840.7,6.9,-4464.7,32811.6,-1381.1,-4464.7
2009-01-01T12:06:00,60,ILR,4.68,8.5,12.71,96.48,169.35,31.88,32840.6,6.9,-4464.7,32811.6,-1381.1,-4464.7
2009-01-01T12:07:00,60,ILR,4.68,8.5,12.72,96.48,169.83,31.93,32840.6,6.9,-4464.4,32811.6,-1381.1,-4464.4
2009-01-01T12:08:00,60,ILR,4.68,8.5,12.74,96.48,170.26,31.97,32840.7,7,-4464,32811.7,-1381,-4464
2009-01-01T12:09:00,60,ILR,4.68,8.5,12.76,96.48,170.66,32.01,32840.7,7.3,-4463.9,32811.7,-1380.7,-4463.9
2009-01-01T12:10:00,60,ILR,4.68,8.5,12.78,96.48,171.02,32.06,32840.7,7.5,-4463.5,32811.7,-1380.5,-4463.5
2009-01-01T12:11:00,60,ILR,4.68,8.5,12.8,96.48,171.36,32.1,32840.8,7.7,-4463.2,32811.8,-1380.4,-4463.2
2009-01-01T12:12:00,60,ILR,4.68,8.5,12.81,96.48,171.68,32.15,32841,7.7,-4462.9,32812,-1380.3,-4462.9
2009-01-01T12:13:00,60,ILR,4.68,8.5,12.83,96.48,171.97,32.21,32841.1,8,-4462.3,32812.1,-1380,-4462.3
2009-01-01T12:14:00,60,ILR,4.68,8.5,12.85,96.48,172.24,32.26,32841.2,8.2,-4461,32812.2,-1379.8,-4461
2009-01-01T12:15:00,60,ILR,4.68,8.5,12.87,96.48,172.5,32.31,32841.2,8.2,-4460.6,32812.2,-1379.8,-4460.6
2009-01-01T12:16:00,60,ILR,4.68,8.5,12.89,96.48,172.74,32.37,32841.4,8.2,-4460.3,32812.4,-1379.9,-4460.3
2009-01-01T12:17:00,60,ILR,4.68,8.5,12.91,96.48,172.96,32.43,32841.5,8.1,-4460.2,32812.5,-1379.9,-4460.2
2009-01-01T12:18:00,60,ILR,4.68,8.5,12.92,96.48,173.17,32.49,32841.3,8.1,-4460.2,32812.3,-1380,-4460.2
2009-01-01T12:19:00,60,ILR,4.68,8.5,12.94,96.48,173.37,32.55,32841,8,-4460.1,32812,-1380,-4460.1
2009-01-01T12:20:00,60,ILR,4.68,8.5,12.96,96.48,173.56,32.61,32840.9,7.9,-4460.1,32811.9,-1380.1,-4460.1
2009-01-01T12:21:00,60,ILR,4.68,8.5,12.98,96.48,173.74,32.68,32840.9,7.8,-4460,32811.9,-1380.2,-4460
2009-01-01T12:22:00,60,ILR,4.68,8.5,13,96.48,173.9,32.74,32840.9,7.8,-4460,32811.8,-1380.2,-4460
2009-01-01T12:23:00,60,ILR,4.68,8.5,13.01,96.48,174.06,32.81,32840.8,7.7,-4459.7,32811.8,-1380.3,-4459.7
2009-01-01T12:24:00,60,ILR,4.68,8.5,13.03,96.48,174.21,32.88,32840.8,7.7,-4459.8,32811.8,-1380.3,-4459.8
2009-01-01T12:25:00,60,ILR,4.68,8.5,13.05,96.48,174.36,32.96,32840.8,7.7,-4459.8,32811.8,-1380.3,-4459.8
2009-01-01T12:26:00,60,ILR,4.68,8.5,13.07,96.48,174.49,33.03,32841,7.7,-4459.7,32812,-1380.3,-4459.7
2009-01-01T12:27:00,60,ILR,4.68,8.5,13.09,96.48,174.62,33.1,32841.1,7.9,-4459.5,32812.1,-1380.1,-4459.5
2009-01-01T12:28:00,60,ILR,4.68,8.5,13.1,96.48,174.75,33.18,32841.2,8.3,-4459.4,32812.2,-1379.7,-4459.4
2009-01-01T12:29:00,60,ILR,4.68,8.5,13.12,96.48,174.87,33.26,32841.1,8.7,-4459.3,32812.1,-1379.4,-4459.3
2009-01-01T12:30:00,60,ILR,4.68,8.5,13.14,96.48,174.98,33.34,32841.1,8.7,-4459.3,32812.1,-1379.3,-4459.3
2009-01-01T12:31:00,60,ILR,4.68,8.5,13.16,96.48,175.09,33.42,32841.1,8.5,-4459.3,32812.1,-1379.5,-4459.3
2009-01-01T12:32:00,60,ILR,4.68,8.5,13.17,96.48,175.19,33.5,32841.1,8.4,-4459.3,32812.1,-1379.6,-4459.3
2009-01-01T12:33:00,60,ILR,4.68,8.5,13.19,96.48,175.29,33.59,32841,8.3,-4459.4,32812,-1379.7,-4459.4
2009-01-01T12:34:00,60,ILR,4.68,8.5,13.21,96.48,175.39,33.67,32841,8.3,-4459.3,32812,-1379.8,-4459.3
2009-01-01T12:35:00,60,ILR,4.68,8.5,13.23,96.48,175.48,33.76,32840.8,8.4,-4459.3,32811.8,-1379.6,-4459.3
2009-01-01T12:36:00,60,ILR,4.68,8.5,13.25,96.48,175.57,33.85,32840.9,8.3,-4459.3,32812,-1379.7,-4459.3
2009-01-01T12:37:00,60,ILR,4.68,8.5,13.26,96.48,175.65,33.94,32840.8,8,-4459.4,32811.8,-1380,-4459.4
2009-01-01T12:38:00,60,ILR,4.68,8.5,13.28,96.48,175.73,34.04,32840.7,7.6,-4459.4,32811.7,-1380.3,-4459.4
2009-01-01T12:39:00,60,ILR,4.68,8.5,13.3,96.48,175.81,34.13,32840.5,7.4,-4459.6,32811.5,-1380.6,-4459.6
2009-01-01T12:40:00,60,ILR,4.68,8.5,13.32,96.48,175.89,34.23,32840.3,7.2,-4459.7,32811.3,-1380.8,-4459.7
2009-01-01T12:41:00,60,ILR,4.68,8.5,13.33,96.48,175.96,34.32,32840.1,6.8,-4459.7,32811.1,-1381.1,-4459.7
2009-01-01T12:42:00,60,ILR,4.68,8.5,13.35,96.48,176.03,34.42,32839.9,6.6,-4459.7,32810.9,-1381.4,-4459.7
2009-01-01T12:43:00,60,ILR,4.68,8.5,13.37,96.48,176.1,34.52,32839.6,6.4,-4459.9,32810.6,-1381.6,-4459.9
2009-01-01T12:44:00,60,ILR,4.68,8.5,13.39,96.48,176.17,34.62,32839.3,6.3,-4460.2,32810.2,-1381.6,-4460.2
2009-01-01T12:45:00,60,ILR,4.68,8.5,13.41,96.48,176.23,34.72,32839.1,6.2,-4461,32810,-1381.7,-4461
2009-01-01T12:46:00,60,ILR,4.68,8.5,13.42,96.48,176.29,34.83,32838.6,6.1,-4461.9,32809.5,-1381.8,-4461.9
2009-01-01T12:47:00,60,ILR,4.68,8.5,13.44,96.48,176.35,34.93,32838.1,6,-4462.2,32809,-1381.8,-4462.2
2009-01-01T12:48:00,60,ILR,4.68,8.5,13.46,96.48,176.41,35.04,32837.7,6,-4462.5,32808.7,-1381.9,-4462.5
2009-01-01T12:49:00,60,ILR,4.68,8.5,13.48,96.48,176.46,35.15,32837.6,5.9,-4462.7,32808.5,-1382,-4462.7
2009-01-01T12:50:00,60,ILR,4.68,8.5,13.49,96.48,176.52,35.26,32837.7,5.8,-4462.8,32808.6,-1382.1,-4462.8
2009-01-01T12:51:00,60,ILR,4.68,8.5,13.51,96.48,176.57,35.37,32837.7,5.7,-4462.9,32808.6,-1382.1,-4462.9
2009-01-01T12:52:00,60,ILR,4.68,8.5,13.53,96.48,176.62,35.48,32837.7,5.7,-4463.2,32808.6,-1382.2,-4463.2
2009-01-01T12:53:00,60,ILR,4.68,8.5,13.55,96.48,176.67,35.6,32837.8,5.6,-4463.2,32808.7,-1382.3,-4463.2
2009-01-01T12:54:00,60,ILR,4.68,8.5,13.56,96.48,176.72,35.71,32837.7,5.6,-4463.2,32808.6,-1382.3,-4463.2
2009-01-01T12:55:00,60,ILR,4.68,8.5,13.58,96.48,176.77,35.83,32837.7,5.6,-4463.4,32808.6,-1382.3,-4463.4
2009-01-01T12:56:00,60,ILR,4.68,8.5,13.6,96.48,176.81,35.94,32837.7,5.5,-4463.4,32808.6,-1382.4,-4463.4
2009-01-01T12:57:00,60,ILR,4.68,8.5,13.62,96.48,176.86,36.06,32837.4,5.4,-4463.4,32808.3,-1382.5,-4463.4
2009-01-01T12:58:00,60,ILR,4.68,8.5,13.63,96.48,176.9,36.18,32837.1,5.3,-4463.5,32808,-1382.6,-4463.5
2009-01-01T12:59:00,60,ILR,4.68,8.5,13.65,96.48,176.94,36.3,32836.8,5.1,-4463.6,32807.6,-1382.7,-4463.6
2009-01-01T13:00:00,60,ILR,4.68,8.5,13.67,96.48,176.98,36.43,32836.5,5,-4463.7,32807.3,-1382.8,-4463.7
2009-01-01T13:01:00,60,ILR,4.68,8.5,13.69,96.48,177.02,36.55,32836.3,4.9,-4463.8,32807.1,-1382.9,-4463.8
2009-01-01T13:02:00,60,ILR,4.68,8.5,13.7,96.48,177.06,36.68,32835.8,4.7,-4464,32806.6,-1383.1,-4464
2009-01-01T13:03:00,60,ILR,4.68,8.5,13.72,96.48,177.1,36.8,32835,4.6,-4464.1,32805.9,-1383.2,-4464.1
2009-01-01T13:04:00,60,ILR,4.68,8.5,13.74,96.48,177.13,36.93,32834.8,4.3,-4464.3,32805.6,-1383.4,-4464.3
2009-01-01T13:05:00,60,ILR,4.68,8.5,13.76,96.48,177.17,37.06,32834.6,4.2,-4464.3,32805.4,-1383.5,-4464.3
2009-01-01T13:06:00,60,ILR,4.68,8.5,13.77,96.48,177.2,37.19,32834.4,4.2,-4464.6,32805.2,-1383.6,-4464.6
2009-01-01T13:07:00,60,ILR,4.68,8.5,13.79,96.48,177.24,37.32,32834.4,4,-4464.6,32805.2,-1383.7,-4464.6
2009-01-01T13:08:00,60,ILR,4.68,8.5,13.81,96.48,177.27,37.45,32834.3,3.9,-4464.7,32805.2,-1383.8,-4464.7
2009-01-01T13:09:00,60,ILR,4.68,8.5,13.83,96.48,177.3,37.58,32834.1,3.9,-4464.8,32805,-1383.8,-4464.8
2009-01-01T13:10:00,60,ILR,4.68,8.5,13.84,96.48,177.34,37.72,32834.1,3.8,-4464.8,32804.9,-1383.9,-4464.8
2009-01-01T13:11:00,60,ILR,4.68,8.5,13.86,96.48,177.37,37.85,32834,3.9,-4464.9,32804.9,-1383.8,-4464.9
2009-01-01T13:12:00,60,ILR,4.68,8.5,13.88,96.48,177.4,37.99,32833.8,3.8,-4465.1,32804.6,-1383.9,-4465.1
2009-01-01T13:13:00,60,ILR,4.68,8.5,13.89,96.48,177.43,38.13,32833.5,3.6,-4465.2,32804.3,-1384.1,-4465.2
2009-01-01T13:14:00,60,ILR,4.68,8.5,13.91,96.48,177.46,38.27,32833.1,3.4,-4465.3,32803.9,-1384.2,-4465.3
2009-01-01T13:15:00,60,ILR,4.68,8.5,13.93,96.48,177.48,38.41,32832.8,3.3,-4465.6,32803.6,-1384.4,-4465.6
2009-01-01T13:16:00,60,ILR,4.68,8.5,13.95,96.48,177.51,38.55,32832.6,3.1,-4465.6,32803.4,-1384.5,-4465.6
2009-01-01T13:17:00,60,ILR,4.68,8.5,13.96,96.48,177.54,38.69,32832.5,3,-4465.7,32803.3,-1384.7,-4465.7
2009-01-01T13:18:00,60,ILR,4.68,8.5,13.98,96.48,177.56,38.83,32831.9,3,-4466,32802.7,-1384.6,-4466
2009-01-01T13:19:00,60,ILR,4.68,8.5,14,96.48,177.59,38.98,32831.6,2.8,-4466,32802.4,-1384.8,-4466
2009-01-01T13:20:00,60,ILR,4.68,8.5,14.01,96.48,177.62,39.12,32831.3,2.5,-4466,32802.1,-1385.1,-4466
2009-01-01T13:21:00,60,ILR,4.68,8.5,14.03,96.48,177.64,39.27,32831.1,2.4,-4466.2,32801.9,-1385.2,-4466.2
2009-01-01T13:22:00,60,ILR,4.68,8.5,14.05,96.48,177.67,39.41,32830.8,2.2,-4466.5,32801.6,-1385.4,-4466.5
2009-01-01T13:23:00,60,ILR,4.68,8.5,14.07,96.48,177.69,39.56,32830.6,2,-4466.6,32801.4,-1385.5,-4466.6
2009-01-01T13:24:00,60,ILR,4.68,8.5,14.08,96.48,177.71,39.71,32830.4,1.9,-4466.8,32801.2,-1385.6,-4466.8
2009-01-01T13:25:00,60,ILR,4.68,8.5,14.1,96.48,177.74,39.86,32830.3,2,-4466.8,32801.1,-1385.5,-4466.8
2009-01-01T13:26:00,60,ILR,4.68,8.5,14.12,96.48,177.76,40.01,32830.1,1.8,-4467,32800.8,-1385.7,-4467
2009-01-01T13:27:00,60,ILR,4.68,8.5,14.13,96.48,177.78,40.16,32829.9,1.7,-4467.4,32800.6,-1385.9,-4467.4
2009-01-01T13:28:00,60,ILR,4.68,8.5,14.15,96.48,177.8,40.31,32829.7,1.6,-4467.6,32800.4,-1386,-4467.6
2009-01-01T13:29:00,60,ILR,4.68,8.5,14.17,96.48,177.82,40.47,32829.4,1.6,-4468.1,32800.1,-1385.9,-4468.1
2009-01-01T13:30:00,60,ILR,4.68,8.5,14.19,96.48,177.84,40.62,32829.1,1.6,-4469,32799.9,-1385.9,-4469
2009-01-01T13:31:00,60,ILR,4.68,8.5,14.2,96.48,177.86,40.78,32828.7,1.5,-4469.4,32799.4,-1386,-4469.4
2009-01-01T13:32:00,60,ILR,4.68,8.5,14.22,96.48,177.88,40.93,32828.8,1.4,-4469.6,32799.6,-1386.1,-4469.6
2009-01-01T13:33:00,60,ILR,4.68,8.5,14.24,96.48,177.9,41.09,32829,1.4,-4469.8,32799.7,-1386.1,-4469.8
2009-01-01T13:34:00,60,ILR,4.68,8.5,14.25,96.48,177.92,41.25,32828.7,1.4,-4470.1,32799.4,-1386,-4470.1
2009-01-01T13:35:00,60,ILR,4.68,8.5,14.27,96.48,177.94,41.4,32828.5,1.4,-4470.4,32799.3,-1386,-4470.4
2009-01-01T13:36:00,60,ILR,4.68,8.5,14.29,96.48,177.96,41.56,32828.3,1.5,-4470.5,32799,-1386,-4470.5
2009-01-01T13:37:00,60,ILR,4.68,8.5,14.3,96.48,177.98,41.72,32827.8,1.4,-4470.6,32798.5,-1386,-4470.6
2009-01-01T13:38:00,60,ILR,4.68,8.5,14.32,96.48,178,41.88,32827.3,1.4,-4470.7,32798,-1386,-4470.7
2009-01-01T13:39:00,60,ILR,4.68,8.5,14.34,96.48,178.01,42.05,32827.2,1.2,-4470.8,32797.9,-1386.3,-4470.8
2009-01-01T13:40:00,60,ILR,4.68,8.5,14.35,96.48,178.03,42.21,32827,1,-4471.3,32797.7,-1386.4,-4471.3
2009-01-01T13:41:00,60,ILR,4.68,8.5,14.37,96.48,178.05,42.37,32826.7,1,-4471.2,32797.4,-1386.4,-4471.2
2009-01-01T13:42:00,60,ILR,4.68,8.5,14.39,96.48,178.06,42.54,32826.7,0.9,-4471.5,32797.4,-1386.5,-4471.5
2009-01-01T13:43:00,60,ILR,4.68,8.5,14.4,96.48,178.08,42.7,32826.8,0.7,-4471.7,32797.5,-1386.7,-4471.7
2009-01-01T13:44:00,60,ILR,4.68,8.5,14.42,96.48,178.1,42.87,32826.8,0.6,-4471.8,32797.4,-1386.8,-4471.8
2009-01-01T13:45:00,60,ILR,4.68,8.5,14.44,96.48,178.11,43.03,32826.6,0.4,-4471.9,32797.2,-1387,-4471.9
2009-01-01T13:46:00,60,ILR,4.68,8.5,14.45,96.48,178.13,43.2,32826.2,0.3,-4472.1,32796.9,-1387.1,-4472.1
2009-01-01T13:47:00,60,ILR,4.68,8.5,14.47,96.48,178.14,43.37,32826,0.1,-4472.2,32796.7,-1387.2,-4472.2
2009-01-01T13:48:00,60,ILR,4.68,8.5,14.49,96.48,178.16,43.54,32825.8,0,-4472.3,32796.4,-1387.3,-4472.3
2009-01-01T13:49:00,60,ILR,4.68,8.5,14.5,96.48,178.17,43.71,32825.5,0.2,-4472.4,32796.2,-1387.1,-4472.4
2009-01-01T13:50:00,60,ILR,4.68,8.5,14.52,96.48,178.19,43.88,32825.4,0.2,-4472.4,32796.1,-1387.1,-4472.4
2009-01-01T13:51:00,60,ILR,4.68,8.5,14.54,96.48,178.2,44.05,32825.2,0.3,-4472.5,32795.9,-1387,-4472.5
2009-01-01T13:52:00,60,ILR,4.68,8.5,14.55,96.48,178.22,44.22,32825,0.3,-4472.4,32795.6,-1387,-4472.4
2009-01-01T13:53:00,60,ILR,4.68,8.5,14.57,96.48,178.23,44.39,32824.7,0.2,-4472.4,32795.4,-1387.1,-4472.4
2009-01-01T13:54:00,60,ILR,4.68,8.5,14.59,96.48,178.24,44.56,32824.6,0.2,-4472.4,32795.3,-1387.1,-4472.4
2009-01-01T13:55:00,60,ILR,4.68,8.5,14.6,96.48,178.26,44.74,32824.5,0.3,-4472.4,32795.1,-1387,-4472.4
2009-01-01T13:56:00,60,ILR,4.68,8.5,14.62,96.48,178.27,44.91,32824.4,0.5,-4472.4,32795.1,-1386.7,-4472.4
2009-01-01T13:57:00,60,ILR,4.68,8.5,14.64,96.48,178.28,45.08,32824,0.5,-4472.3,32794.7,-1386.7,-4472.3
2009-01-01T13:58:00,60,ILR,4.68,8.5,14.65,96.48,178.3,45.26,32823.7,0.6,-4472.3,32794.4,-1386.7,-4472.3
2009-01-01T13:59:00,60,ILR,4.68,8.5,14.67,96.48,178.31,45.44,32823.2,0.8,-4472.3,32793.9,-1386.4,-4472.3
2009-01-01T14:00:00,60,ILR,4.68,8.5,14.69,96.48,178.32,45.61,32822.9,1,-4472.4,32793.6,-1386.3,-4472.4
2009-01-01T14:01:00,60,ILR,4.68,8.5,14.7,96.48,178.33,45.79,32822.6,0.9,-4472.5,32793.4,-1386.4,-4472.5
2009-01-01T14:02:00,60,ILR,4.68,8.5,14.72,96.48,178.35,45.97,32822.4,0.8,-4472.6,32793.1,-1386.4,-4472.6
2009-01-01T14:03:00,60,ILR,4.68,8.5,14.74,96.48,178.36,46.15,32822.1,0.8,-4472.6,32792.8,-1386.4,-4472.6
2009-01-01T14:04:00,60,ILR,4.68,8.5,14.75,96.48,178.37,46.32,32821.9,0.9,-4472.8,32792.6,-1386.3,-4472.8
2009-01-01T14:05:00,60,ILR,4.68,8.5,14.77,96.48,178.38,46.5,32821.5,0.8,-4472.9,32792.2,-1386.4,-4472.9
2009-01-01T14:06:00,60,ILR,4.68,8.5,14.79,96.48,178.39,46.68,32820.9,0.7,-4472.9,32791.6,-1386.5,-4472.9
2009-01-01T14:07:00,60,ILR,4.68,8.5,14.8,96.48,178.4,46.87,32820.2,0.6,-4473,32790.9,-1386.5,-4473
2009-01-01T14:08:00,60,ILR,4.68,8.5,14.82,96.48,178.42,47.05,32819.9,0.4,-4473,32790.6,-1386.7,-4473
2009-01-01T14:09:00,60,ILR,4.68,8.5,14.83,96.48,178.43,47.23,32819.8,0.4,-4473.1,32790.5,-1386.7,-4473.1
2009-01-01T14:10:00,60,ILR,4.68,8.5,14.85,96.48,178.44,47.41,32819.7,0.4,-4473.3,32790.4,-1386.7,-4473.3
2009-01-01T14:11:00,60,ILR,4.68,8.5,14.87,96.48,178.45,47.59,32819.3,0.3,-4473.5,32790,-1386.8,-4473.5
2009-01-01T14:12:00,60,ILR,4.68,8.5,14.88,96.48,178.46,47.78,32819.1,0.2,-4473.6,32789.8,-1386.9,-4473.6
2009-01-01T14:13:00,60,ILR,4.68,8.5,14.9,96.48,178.47,47.96,32819,0.1,-4473.7,32789.7,-1386.9,-4473.7
2009-01-01T14:14:00,60,ILR,4.68,8.5,14.92,96.48,178.48,48.15,32818.9,-0.1,-4473.8,32789.6,-1387.1,-4473.8
2009-01-01T14:15:00,60,ILR,4.68,8.5,14.93,96.48,178.49,48.33,32818.6,-0.3,-4473.8,32789.2,-1387.3,-4473.8
2009-01-01T14:16:00,60,ILR,4.68,8.5,14.95,96.48,178.5,48.52,32818.3,-0.3,-4473.9,32788.9,-1387.3,-4473.9
2009-01-01T14:17:00,60,ILR,4.68,8.5,14.96,96.48,178.51,48.7,32817.8,-0.2,-4474.2,32788.5,-1387.2,-4474.2
2009-01-01T14:18:00,60,ILR,4.68,8.5,14.98,96.48,178.52,48.89,32817.4,-0.4,-4474.5,32788.1,-1387.4,-4474.5
2009-01-01T14:19:00,60,ILR,4.68,8.5,15,96.48,178.53,49.08,32817,-0.5,-4474.7,32787.7,-1387.5,-4474.7
2009-01-01T14:20:00,60,ILR,4.68,8.5,15.01,96.48,178.54,49.27,32816.7,-0.6,-4475.2,32787.4,-1387.6,-4475.2
2009-01-01T14:21:00,60,ILR,4.68,8.5,15.03,96.48,178.55,49.45,32816.3,-0.5,-4476,32787,-1387.4,-4476
2009-01-01T14:22:00,60,ILR,4.68,8.5,15.04,96.48,178.56,49.64,32816,-0.6,-4476.2,32786.6,-1387.5,-4476.2
2009-01-01T14:23:00,60,ILR,4.68,8.5,15.06,96.48,178.57,49.83,32815.8,-0.6,-4476.4,32786.5,-1387.5,-4476.4
2009-01-01T14:24:00,60,ILR,4.68,8.5,15.07,96.48,178.57,50.02,32815.4,-0.5,-4476.8,32786.1,-1387.5,-4476.8
2009-01-01T14:25:00,60,ILR,4.68,8.5,15.09,96.48,178.58,50.21,32815.3,-0.6,-4477.1,32786,-1387.5,-4477.1
2009-01-01T14:26:00,60,ILR,4.68,8.5,15.11,96.48,178.59,50.4,32815.3,-0.6,-4477.2,32785.9,-1387.6,-4477.2
2009-01-01T14:27:00,60,ILR,4.68,8.5,15.12,96.48,178.6,50.59,32814.8,-0.6,-4477.4,32785.4,-1387.5,-4477.4
2009-01-01T14:28:00,60,ILR,4.68,8.5,15.14,96.48,178.61,50.78,32814.6,-0.6,-4477.6,32785.3,-1387.5,-4477.6
2009-01-01T14:29:00,60,ILR,4.68,8.5,15.15,96.48,178.62,50.98,32814.4,-0.8,-4477.7,32785,-1387.6,-4477.7
2009-01-01T14:30:00,60,ILR,4.68,8.5,15.17,96.48,178.63,51.17,32813.9,-0.9,-4477.8,32784.6,-1387.7,-4477.8
2009-01-01T14:31:00,60,ILR,4.68,8.5,15.19,96.48,178.63,51.36,32813.7,-1,-4478.3,32784.3,-1387.8,-4478.3
2009-01-01T14:32:00,60,ILR,4.68,8.5,15.2,96.48,178.64,51.55,32813.6,-1.1,-4478.5,32784.2,-1387.9,-4478.5
2009-01-01T14:33:00,60,ILR,4.68,8.5,15.22,96.48,178.65,51.75,32812.2,-1.1,-4478.8,32782.8,-1387.9,-4478.8
2009-01-01T14:34:00,60,ILR,4.68,8.5,15.23,96.48,178.66,51.94,32811.7,-1.2,-4479.1,32782.4,-1388,-4479.1
2009-01-01T14:35:00,60,ILR,4.68,8.5,15.25,96.48,178.67,52.14,32811.4,-1.3,-4479.5,32782.1,-1388,-4479.5
2009-01-01T14:36:00,60,ILR,4.68,8.5,15.26,96.48,178.67,52.33,32811.4,-1.5,-4479.9,32782,-1388.2,-4479.9
2009-01-01T14:37:00,60,ILR,4.68,8.5,15.28,96.48,178.68,52.53,32811.3,-1.6,-4480.1,32781.9,-1388.3,-4480.1
2009-01-01T14:38:00,60,ILR,4.68,8.5,15.29,96.48,178.69,52.72,32811.1,-1.6,-4480.3,32781.7,-1388.3,-4480.3
2009-01-01T14:39:00,60,ILR,4.68,8.5,15.31,96.48,178.7,52.92,32810.9,-1.7,-4480.5,32781.5,-1388.4,-4480.5
2009-01-01T14:40:00,60,ILR,4.68,8.5,15.33,96.48,178.7,53.12,32810.8,-1.8,-4480.7,32781.4,-1388.6,-4480.7
2009-01-01T14:41:00,60,ILR,4.68,8.5,15.34,96.48,178.71,53.31,32810.6,-1.8,-4481,32781.2,-1388.5,-4481
2009-01-01T14:42:00,60,ILR,4.68,8.5,15.36,96.48,178.72,53.51,32810.4,-2,-4481.3,32781,-1388.7,-4481.3
2009-01-01T14:43:00,60,ILR,4.68,8.5,15.37,96.48,178.73,53.71,32810.1,-2.1,-4481.5,32780.7,-1388.8,-4481.5
2009-01-01T14:44:00,60,ILR,4.68,8.5,15.39,96.48,178.73,53.91,32810,-2.2,-4481.6,32780.6,-1388.9,-4481.6
2009-01-01T14:45:00,60,ILR,4.68,8.5,15.4,96.48,178.74,54.1,32809.8,-2.4,-4481.6,32780.4,-1389,-4481.6
2009-01-01T14:46:00,60,ILR,4.68,8.5,15.42,96.48,178.75,54.3,32809.3,-2.3,-4481.8,32779.9,-1388.9,-4481.8
2009-01-01T14:47:00,60,ILR,4.68,8.5,15.43,96.48,178.75,54.5,32808.8,-2.4,-4481.9,32779.4,-1389,-4481.9
2009-01-01T14:48:00,60,ILR,4.68,8.5,15.45,96.48,178.76,54.7,32808.5,-2.7,-4482.2,32779.1,-1389.3,-4482.2
2009-01-01T14:49:00,60,ILR,4.68,8.5,15.46,96.48,178.77,54.9,32808.4,-2.7,-4482.5,32779,-1389.3,-4482.5
2009-01-01T14:50:00,60,ILR,4.68,8.5,15.48,96.48,178.77,55.1,32807.9,-2.7,-4483.1,32778.5,-1389.3,-4483.1
2009-01-01T14:51:00,60,ILR,4.68,8.5,15.49,96.48,178.78,55.3,32807.7,-2.9,-4483.7,32778.2,-1389.5,-4483.7
2009-01-01T14:52:00,60,ILR,4.68,8.5,15.51,96.48,178.79,55.5,32807.6,-3.1,-4484,32778.2,-1389.6,-4484
2009-01-01T14:53:00,60,ILR,4.68,8.5,15.52,96.48,178.79,55.7,32807.4,-3.2,-4484.2,32778,-1389.8,-4484.2
2009-01-01T14:54:00,60,ILR,4.68,8.5,15.54,96.48,178.8,55.91,32807,-3.3,-4484.4,32777.6,-1389.8,-4484.4
2009-01-01T14:55:00,60,ILR,4.68,8.5,15.55,96.48,178.81,56.11,32806.8,-3.4,-4484.5,32777.3,-1389.9,-4484.5
2009-01-01T14:56:00,60,ILR,4.68,8.5,15.57,96.48,178.81,56.31,32806.5,-3.6,-4484.8,32777,-1390.2,-4484.8
2009-01-01T14:57:00,60,ILR,4.68,8.5,15.58,96.48,178.82,56.51,32806.3,-3.7,-4484.9,32776.8,-1390.3,-4484.9
2009-01-01T14:58:00,60,ILR,4.68,8.5,15.6,96.48,178.83,56.72,32806,-3.8,-4485,32776.5,-1390.3,-4485
2009-01-01T14:59:00,60,ILR,4.68,8.5,15.61,96.48,178.83,56.92,32805.5,-4,-4485.2,32776,-1390.5,-4485.2
2009-01-01T15:00:00,60,ILR,4.68,8.5,15.63,96.48,178.84,57.12,32804.7,-4.1,-4485.3,32775.2,-1390.6,-4485.3
2009-01-01T15:01:00,60,ILR,4.68,8.5,15.64,96.48,178.84,57.33,32804.1,-4.3,-4485.4,32774.6,-1390.7,-4485.4
2009-01-01T15:02:00,60,ILR,4.68,8.5,15.66,96.48,178.85,57.53,32803.9,-4.4,-4485.4,32774.5,-1390.8,-4485.4
2009-01-01T15:03:00,60,ILR,4.68,8.5,15.67,96.48,178.86,57.74,32803.8,-4.6,-4485.5,32774.3,-1391,-4485.5
2009-01-01T15:04:00,60,ILR,4.68,8.5,15.69,96.48,178.86,57.94,32803.7,-4.7,-4485.6,32774.2,-1391.1,-4485.6
2009-01-01T15:05:00,60,ILR,4.68,8.5,15.7,96.48,178.87,58.15,32803.4,-4.9,-4485.8,32773.9,-1391.2,-4485.8
2009-01-01T15:06:00,60,ILR,4.68,8.5,15.72,96.48,178.87,58.35,32803.3,-5,-4485.9,32773.7,-1391.4,-4485.9
2009-01-01T15:07:00,60,ILR,4.68,8.5,15.73,96.48,178.88,58.56,32802.9,-5.2,-4486,32773.4,-1391.6,-4486
2009-01-01T15:08:00,60,ILR,4.68,8.5,15.75,96.48,178.88,58.76,32802.6,-5.3,-4486.1,32773.1,-1391.7,-4486.1
2009-01-01T15:09:00,60,ILR,4.68,8.5,15.76,96.48,178.89,58.97,32802.3,-5.4,-4486.4,32772.7,-1391.7,-4486.4
2009-01-01T15:10:00,60,ILR,4.68,8.5,15.77,96.48,178.89,59.18,32802.1,-5.5,-4486.6,32772.5,-1391.8,-4486.6
2009-01-01T15:11:00,60,ILR,4.68,8.5,15.79,96.48,178.9,59.38,32801.9,-5.6,-4486.8,32772.3,-1391.9,-4486.8
2009-01-01T15:12:00,60,ILR,4.68,8.5,15.8,96.48,178.91,59.59,32801.6,-5.7,-4487.1,32772.1,-1392,-4487.1
2009-01-01T15:13:00,60,ILR,4.68,8.5,15.82,96.48,178.91,59.8,32801.4,-5.8,-4487.4,32771.8,-1392.1,-4487.4
2009-01-01T15:14:00,60,ILR,4.68,8.5,15.83,96.48,178.92,60,32801.4,-5.9,-4487.4,32771.8,-1392.2,-4487.4
2009-01-01T15:15:00,60,ILR,4.68,8.5,15.85,96.48,178.92,60.21,32801.1,-6.1,-4487.5,32771.6,-1392.4,-4487.5
2009-01-01T15:16:00,60,ILR,4.68,8.5,15.86,96.48,178.93,60.42,32800.9,-6,-4487.9,32771.4,-1392.3,-4487.9
2009-01-01T15:17:00,60,ILR,4.68,8.5,15.88,96.48,178.93,60.63,32800.7,-6,-4488.1,32771.2,-1392.3,-4488.1
2009-01-01T15:18:00,60,ILR,4.68,8.5,15.89,96.48,178.94,60.84,32800.4,-5.9,-4488.3,32770.9,-1392.1,-4488.3
2009-01-01T15:19:00,60,ILR,4.68,8.5,15.9,96.48,178.94,61.05,32800.3,-5.8,-4488.6,32770.8,-1392.1,-4488.6
2009-01-01T15:20:00,60,ILR,4.68,8.5,15.92,96.48,178.95,61.26,32800.2,-5.8,-4489,32770.7,-1392.1,-4489
2009-01-01T15:21:00,60,ILR,4.68,8.5,15.93,96.48,178.95,61.46,32800,-5.7,-4489.1,32770.4,-1392,-4489.1
2009-01-01T15:22:00,60,ILR,4.68,8.5,15.95,96.48,178.96,61.67,32799.9,-5.9,-4489.1,32770.4,-1392.1,-4489.1
2009-01-01T15:23:00,60,ILR,4.68,8.5,15.96,96.48,178.96,61.88,32799.8,-6.1,-4489.3,32770.2,-1392.3,-4489.3
2009-01-01T15:24:00,60,ILR,4.68,8.5,15.98,96.48,178.97,62.09,32799.7,-6.1,-4489.5,32770.1,-1392.3,-4489.5
2009-01-01T15:25:00,60,ILR,4.68,8.5,15.99,96.48,178.97,62.3,32799.6,-6,-4489.7,32770.1,-1392.3,-4489.7
2009-01-01T15:26:00,60,ILR,4.68,8.5,16,96.48,178.97,62.52,32799.6,-6.1,-4489.9,32770,-1392.3,-4489.9
2009-01-01T15:27:00,60,ILR,4.68,8.5,16.02,96.48,178.98,62.73,32799.5,-6.1,-4490.2,32769.9,-1392.4,-4490.2
2009-01-01T15:28:00,60,ILR,4.68,8.5,16.03,96.48,178.98,62.94,32799.3,-6.3,-4490.5,32769.7,-1392.5,-4490.5
2009-01-01T15:29:00,60,ILR,4.68,8.5,16.05,96.48,178.99,63.15,32799.4,-6.4,-4490.4,32769.8,-1392.6,-4490.4
2009-01-01T15:30:00,60,ILR,4.68,8.5,16.06,96.48,178.99,63.36,32799.2,-6.4,-4490.5,32769.6,-1392.6,-4490.5
2009-01-01T15:31:00,60,ILR,4.68,8.5,16.08,96.48,179,63.57,32799,-6.5,-4490.8,32769.4,-1392.7,-4490.8
2009-01-01T15:32:00,60,ILR,4.68,8.5,16.09,96.48,179,63.78,32798.7,-6.5,-4490.9,32769.1,-1392.7,-4490.9
2009-01-01T15:33:00,60,ILR,4.68,8.5,16.1,96.48,179.01,64,32798.5,-6.4,-4491,32769,-1392.6,-4491
2009-01-01T15:34:00,60,ILR,4.68,8.5,16.12,96.48,179.01,64.21,32797.1,-6.3,-4491.2,32767.5,-1392.5,-4491.2
2009-01-01T15:35:00,60,ILR,4.68,8.5,16.13,96.48,179.01,64.42,32796.5,-6.3,-4491.4,32767,-1392.4,-4491.4
2009-01-01T15:36:00,60,ILR,4.68,8.5,16.15,96.48,179.02,64.63,32796.3,-6.2,-4491.5,32766.8,-1392.3,-4491.5
2009-01-01T15:37:00,60,ILR,4.68,8.5,16.16,96.48,179.02,64.85,32796.2,-6.1,-4491.6,32766.6,-1392.2,-4491.6
2009-01-01T15:38:00,60,ILR,4.68,8.5,16.17,96.48,179.03,65.06,32796,-6.1,-4491.7,32766.4,-1392.2,-4491.7
2009-01-01T15:39:00,60,ILR,4.68,8.5,16.19,96.48,179.03,65.27,32795.8,-6.1,-4491.8,32766.3,-1392.2,-4491.8
2009-01-01T15:40:00,60,ILR,4.68,8.5,16.2,96.48,179.04,65.49,32795.5,-5.9,-4492,32765.9,-1392,-4492
2009-01-01T15:41:00,60,ILR,4.68,8.5,16.22,96.48,179.04,65.7,32795.4,-6,-4492.2,32765.9,-1392,-4492.2
2009-01-01T15:42:00,60,ILR,4.68,8.5,16.23,96.48,179.04,65.92,32795.5,-6,-4492.3,32765.9,-1392.1,-4492.3
2009-01-01T15:43:00,60,ILR,4.68,8.5,16.24,96.48,179.05,66.13,32795.3,-6.1,-4492.5,32765.8,-1392.1,-4492.5
2009-01-01T15:44:00,60,ILR,4.68,8.5,16.26,96.48,179.05,66.34,32795.1,-6,-4492.7,32765.6,-1392,-4492.7
2009-01-01T15:45:00,60,ILR,4.68,8.5,16.27,96.48,179.06,66.56,32795,-6,-4492.8,32765.5,-1392,-4492.8
2009-01-01T15:46:00,60,ILR,4.68,8.5,16.29,96.48,179.06,66.77,32794.6,-5.7,-4492.8,32765,-1391.7,-4492.8
2009-01-01T15:47:00,60,ILR,4.68,8.5,16.3,96.48,179.06,66.99,32794.1,-5.6,-4492.8,32764.6,-1391.6,-4492.8
2009-01-01T15:48:00,60,ILR,4.68,8.5,16.31,96.48,179.07,67.2,32793.9,-5.4,-4492.8,32764.4,-1391.4,-4492.8
2009-01-01T15:49:00,60,ILR,4.68,8.5,16.33,96.48,179.07,67.42,32793.6,-5.3,-4492.9,32764.1,-1391.3,-4492.9
2009-01-01T15:50:00,60,ILR,4.68,8.5,16.34,96.48,179.07,67.64,32793,-5.1,-4493.2,32763.5,-1391.1,-4493.2
2009-01-01T15:51:00,60,ILR,4.68,8.5,16.35,96.48,179.08,67.85,32793,-5,-4493.4,32763.5,-1391,-4493.4
2009-01-01T15:52:00,60,ILR,4.68,8.5,16.37,96.48,179.08,68.07,32793,-4.8,-4493.5,32763.4,-1390.8,-4493.5
2009-01-01T15:53:00,60,ILR,4.68,8.5,16.38,96.48,179.09,68.28,32792.7,-4.4,-4493.8,32763.2,-1390.4,-4493.8
2009-01-01T15:54:00,60,ILR,4.68,8.5,16.4,96.48,179.09,68.5,32792.4,-4.1,-4493.9,32762.9,-1390,-4493.9
2009-01-01T15:55:00,60,ILR,4.68,8.5,16.41,96.48,179.09,68.72,32792.3,-3.9,-4494.2,32762.9,-1389.8,-4494.2
2009-01-01T15:56:00,60,ILR,4.68,8.5,16.42,96.48,179.1,68.93,32792.2,-3.7,-4494.4,32762.7,-1389.7,-4494.4
2009-01-01T15:57:00,60,ILR,4.68,8.5,16.44,96.48,179.1,69.15,32792.4,-3.6,-4494.7,32762.9,-1389.5,-4494.7
2009-01-01T15:58:00,60,ILR,4.68,8.5,16.45,96.48,179.1,69.37,32792.7,-3.6,-4494.8,32763.2,-1389.5,-4494.8
2009-01-01T15:59:00,60,ILR,4.68,8.5,16.46,96.48,179.11,69.58,32792.4,-3.5,-4495,32762.9,-1389.4,-4495
2009-01-01T16:00:00,60,ILR,4.68,8.5,16.48,96.48,179.11,69.8,32792.5,-3.4,-4495.2,32763,-1389.3,-4495.2
2009-01-01T16:01:00,60,ILR,4.68,8.5,16.49,96.48,179.11,70.02,32793,-3.4,-4495.3,32763.5,-1389.3,-4495.3
2009-01-01T16:02:00,60,ILR,4.68,8.5,16.5,96.48,179.12,70.24,32793.1,-3.3,-4495.4,32763.6,-1389.3,-4495.4
2009-01-01T16:03:00,60,ILR,4.68,8.5,16.52,96.48,179.12,70.46,32792.9,-3.2,-4495.6,32763.5,-1389.1,-4495.6
2009-01-01T16:04:00,60,ILR,4.68,8.5,16.53,96.48,179.12,70.67,32793.2,-3,-4495.7,32763.8,-1389,-4495.7
2009-01-01T16:05:00,60,ILR,4.68,8.5,16.55,96.48,179.13,70.89,32793.3,-3,-4495.9,32763.9,-1388.9,-4495.9
2009-01-01T16:06:00,60,ILR,4.68,8.5,16.56,96.48,179.13,71.11,32793.4,-3,-4496,32764,-1389,-4496
2009-01-01T16:07:00,60,ILR,4.68,8.5,16.57,96.48,179.13,71.33,32793.3,-3,-4496.1,32763.9,-1389,-4496.1
2009-01-01T16:08:00,60,ILR,4.68,8.5,16.59,96.48,179.14,71.55,32793.3,-3.1,-4496.1,32763.9,-1389,-4496.1
2009-01-01T16:09:00,60,ILR,4.68,8.5,16.6,96.48,179.14,71.77,32793.4,-3.1,-4496.2,32764,-1389.1,-4496.2
2009-01-01T16:10:00,60,ILR,4.68,8.5,16.61,96.48,179.14,71.98,32793.6,-3.3,-4496.3,32764.2,-1389.2,-4496.3
2009-01-01T16:11:00,60,ILR,4.68,8.5,16.63,96.48,179.15,72.2,32793.5,-3.3,-4496.5,32764.1,-1389.2,-4496.5
2009-01-01T16:12:00,60,ILR,4.68,8.5,16.64,96.48,179.15,72.42,32793.8,-3.4,-4496.5,32764.4,-1389.3,-4496.5
2009-01-01T16:13:00,60,ILR,4.68,8.5,16.65,96.48,179.15,72.64,32793.7,-3.5,-4496.5,32764.2,-1389.4,-4496.5
2009-01-01T16:14:00,60,ILR,4.68,8.5,16.67,96.48,179.16,72.86,32793.9,-3.4,-4496.5,32764.5,-1389.4,-4496.5
2009-01-01T16:15:00,60,ILR,4.68,8.5,16.68,96.48,179.16,73.08,32793.9,-3.4,-4496.5,32764.4,-1389.4,-4496.5
2009-01-01T16:16:00,60,ILR,4.68,8.5,16.69,96.48,179.16,73.3,32794,-3.4,-4496.5,32764.6,-1389.4,-4496.5
2009-01-01T16:17:00,60,ILR,4.68,8.5,16.71,96.48,179.17,73.52,32794.1,-3.4,-4496.5,32764.7,-1389.3,-4496.5
2009-01-01T16:18:00,60,ILR,4.68,8.5,16.72,96.48,179.17,73.74,32794.2,-3.1,-4496.5,32764.8,-1389.1,-4496.5
2009-01-01T16:19:00,60,ILR,4.68,8.5,16.74,96.48,179.17,73.96,32794.7,-3,-4496.6,32765.3,-1389,-4496.6
2009-01-01T16:20:00,60,ILR,4.68,8.5,16.75,96.48,179.18,74.18,32794.6,-2.9,-4496.5,32765.2,-1388.9,-4496.5
2009-01-01T16:21:00,60,ILR,4.68,8.5,16.76,96.48,179.18,74.4,32794.8,-2.8,-4496.7,32765.4,-1388.9,-4496.7
2009-01-01T16:22:00,60,ILR,4.68,8.5,16.78,96.48,179.18,74.62,32794.8,-2.7,-4496.8,32765.4,-1388.7,-4496.8
2009-01-01T16:23:00,60,ILR,4.68,8.5,16.79,96.48,179.18,74.84,32794.9,-2.8,-4496.8,32765.5,-1388.8,-4496.8
2009-01-01T16:24:00,60,ILR,4.68,8.5,16.8,96.48,179.19,75.07,32795,-2.9,-4496.9,32765.5,-1389,-4496.9
2009-01-01T16:25:00,60,ILR,4.68,8.5,16.82,96.48,179.19,75.29,32794.8,-3,-4497,32765.4,-1389,-4497
2009-01-01T16:26:00,60,ILR,4.68,8.5,16.83,96.48,179.19,75.51,32794.9,-3.2,-4497.2,32765.5,-1389.2,-4497.2
2009-01-01T16:27:00,60,ILR,4.68,8.5,16.84,96.48,179.2,75.73,32794.6,-3.2,-4497.3,32765.2,-1389.2,-4497.3
2009-01-01T16:28:00,60,ILR,4.68,8.5,16.86,96.48,179.2,75.95,32794.6,-3.4,-4497.3,32765.2,-1389.4,-4497.3
2009-01-01T16:29:00,60,ILR,4.68,8.5,16.87,96.48,179.2,76.17,32794.4,-3.6,-4497.4,32765,-1389.6,-4497.4
2009-01-01T16:30:00,60,ILR,4.68,8.5,16.88,96.48,179.2,76.39,32794.1,-3.7,-4497.6,32764.7,-1389.7,-4497.6
2009-01-01T16:31:00,60,ILR,4.68,8.5,16.9,96.48,179.21,76.62,32794.3,-3.9,-4498.2,32764.8,-1389.9,-4498.2
2009-01-01T16:32:00,60,ILR,4.68,8.5,16.91,96.48,179.21,76.84,32794.4,-4,-4498.5,32764.9,-1390,-4498.5
2009-01-01T16:33:00,60,ILR,4.68,8.5,16.92,96.48,179.21,77.06,32794.5,-4.2,-4498.5,32765,-1390.2,-4498.5
2009-01-01T16:34:00,60,ILR,4.68,8.5,16.94,96.48,179.22,77.28,32794.3,-4.2,-4498.7,32764.9,-1390.2,-4498.7
2009-01-01T16:35:00,60,ILR,4.68,8.5,16.95,96.48,179.22,77.5,32794.2,-4.5,-4498.7,32764.7,-1390.5,-4498.7
2009-01-01T16:36:00,60,ILR,4.68,8.5,16.97,96.48,179.22,77.73,32794.4,-4.6,-4498.8,32764.9,-1390.6,-4498.8
2009-01-01T16:37:00,60,ILR,4.68,8.5,16.98,96.48,179.22,77.95,32794.4,-4.7,-4498.8,32764.9,-1390.7,-4498.8
2009-01-01T16:38:00,60,ILR,4.68,8.5,16.99,96.48,179.23,78.17,32794.4,-4.8,-4498.8,32764.9,-1390.8,-4498.8
2009-01-01T16:39:00,60,ILR,4.68,8.5,17.01,96.48,179.23,78.39,32794.3,-4.8,-4498.8,32764.8,-1390.8,-4498.8
2009-01-01T16:40:00,60,ILR,4.68,8.5,17.02,96.48,179.23,78.62,32793.8,-4.9,-4498.9,32764.3,-1390.9,-4498.9
2009-01-01T16:41:00,60,ILR,4.68,8.5,17.03,96.48,179.23,78.84,32793.5,-5,-4499,32764,-1391,-4499
2009-01-01T16:42:00,60,ILR,4.68,8.5,17.05,96.48,179.24,79.06,32793.5,-5.3,-4498.9,32764,-1391.2,-4498.9
2009-01-01T16:43:00,60,ILR,4.68,8.5,17.06,96.48,179.24,79.29,32793.5,-5.5,-4499.1,32763.9,-1391.4,-4499.1
2009-01-01T16:44:00,60,ILR,4.68,8.5,17.07,96.48,179.24,79.51,32793.6,-5.8,-4499.2,32764,-1391.7,-4499.2
2009-01-01T16:45:00,60,ILR,4.68,8.5,17.09,96.48,179.24,79.73,32793.7,-6,-4499.2,32764.1,-1392,-4499.2
2009-01-01T16:46:00,60,ILR,4.68,8.5,17.1,96.48,179.25,79.96,32793.8,-6.2,-4499.2,32764.3,-1392.2,-4499.2
2009-01-01T16:47:00,60,ILR,4.68,8.5,17.11,96.48,179.25,80.18,32793.9,-6.3,-4499.2,32764.3,-1392.3,-4499.2
2009-01-01T16:48:00,60,ILR,4.68,8.5,17.13,96.48,179.25,80.4,32793.7,-6.3,-4499.2,32764.2,-1392.3,-4499.2
2009-01-01T16:49:00,60,ILR,4.68,8.5,17.14,96.48,179.25,80.63,32793.9,-6.3,-4499.2,32764.3,-1392.3,-4499.2
2009-01-01T16:50:00,60,ILR,4.68,8.5,17.15,96.48,179.26,80.85,32793.9,-6.4,-4499.1,32764.3,-1392.4,-4499.1
2009-01-01T16:51:00,60,ILR,4.68,8.5,17.17,96.48,179.26,81.07,32793.9,-6.5,-4499.1,32764.4,-1392.4,-4499.1
2009-01-01T16:52:00,60,ILR,4.68,8.5,17.18,96.48,179.26,81.3,32793.8,-6.6,-4499.1,32764.2,-1392.6,-4499.1
2009-01-01T16:53:00,60,ILR,4.68,8.5,17.2,96.48,179.26,81.52,32793.9,-6.6,-4499.2,32764.4,-1392.6,-4499.2
2009-01-01T16:54:00,60,ILR,4.68,8.5,17.21,96.48,179.27,81.75,32794.1,-6.7,-4499.2,32764.5,-1392.7,-4499.2
2009-01-01T16:55:00,60,ILR,4.68,8.5,17.22,96.48,179.27,81.97,32794.1,-6.8,-4499.3,32764.5,-1392.8,-4499.3
2009-01-01T16:56:00,60,ILR,4.68,8.5,17.24,96.48,179.27,82.2,32794,-7,-4499.3,32764.4,-1393,-4499.3
2009-01-01T16:57:00,60,ILR,4.68,8.5,17.25,96.48,179.27,82.42,32794.1,-7.2,-4499.3,32764.5,-1393.2,-4499.3
2009-01-01T16:58:00,60,ILR,4.68,8.5,17.26,96.48,179.28,82.64,32794.2,-7.4,-4499.3,32764.6,-1393.4,-4499.3
2009-01-01T16:59:00,60,ILR,4.68,8.5,17.28,96.48,179.28,82.87,32794.4,-7.6,-4499.4,32764.7,-1393.6,-4499.4
2009-01-01T17:00:00,60,ILR,4.68,8.5,17.29,96.48,179.28,83.09,32794.2,-7.8,-4499.3,32764.5,-1393.8,-4499.3
2009-01-01T17:01:00,60,ILR,4.68,8.5,17.3,96.48,179.28,83.32,32794.4,-7.9,-4499.3,32764.7,-1393.9,-4499.3
2009-01-01T17:02:00,60,ILR,4.68,8.5,17.32,96.48,179.28,83.54,32794.6,-8.1,-4499.3,32764.9,-1394.1,-4499.3
2009-01-01T17:03:00,60,ILR,4.68,8.5,17.33,96.48,179.29,83.77,32794.6,-8.3,-4499.4,32765,-1394.3,-4499.4
2009-01-01T17:04:00,60,ILR,4.68,8.5,17.35,96.48,179.29,83.99,32794.6,-8.3,-4499.4,32765,-1394.3,-4499.4
2009-01-01T17:05:00,60,ILR,4.68,8.5,17.36,96.48,179.29,84.22,32794.6,-8.3,-4499.4,32765,-1394.3,-4499.4
2009-01-01T17:06:00,60,ILR,4.68,8.5,17.37,96.48,179.29,84.45,32794.8,-8.3,-4499.4,32765.1,-1394.4,-4499.4
2009-01-01T17:07:00,60,ILR,4.68,8.5,17.39,96.48,179.3,84.67,32794.5,-8.4,-4499.4,32764.9,-1394.4,-4499.4
2009-01-01T17:08:00,60,ILR,4.68,8.5,17.4,96.48,179.3,84.9,32794.3,-8.5,-4499.5,32764.6,-1394.5,-4499.5
2009-01-01T17:09:00,60,ILR,4.68,8.5,17.41,96.48,179.3,85.12,32794,-8.6,-4499.5,32764.3,-1394.6,-4499.5
2009-01-01T17:10:00,60,ILR,4.68,8.5,17.43,96.48,179.3,85.35,32794.1,-8.8,-4499.5,32764.4,-1394.8,-4499.5
2009-01-01T17:11:00,60,ILR,4.68,8.5,17.44,96.48,179.3,85.57,32794.1,-9.3,-4499.5,32764.4,-1395.2,-4499.5
2009-01-01T17:12:00,60,ILR,4.68,8.5,17.46,96.48,179.31,85.8,32793.9,-9.6,-4499.5,32764.2,-1395.5,-4499.5
2009-01-01T17:13:00,60,ILR,4.68,8.5,17.47,96.48,179.31,86.02,32794,-9.8,-4499.5,32764.3,-1395.8,-4499.5
2009-01-01T17:14:00,60,ILR,4.68,8.5,17.48,96.48,179.31,86.25,32794.2,-10.1,-4499.5,32764.4,-1396,-4499.5
2009-01-01T17:15:00,60,ILR,4.68,8.5,17.5,96.48,179.31,86.48,32794.1,-10.4,-4499.4,32764.4,-1396.3,-4499.4
2009-01-01T17:16:00,60,ILR,4.68,8.5,17.51,96.48,179.32,86.7,32794.4,-10.4,-4499.3,32764.6,-1396.4,-4499.3
2009-01-01T17:17:00,60,ILR,4.68,8.5,17.52,96.48,179.32,86.93,32794.6,-10.4,-4499.2,32764.9,-1396.5,-4499.2
2009-01-01T17:18:00,60,ILR,4.68,8.5,17.54,96.48,179.32,87.16,32794.7,-10.6,-4499.1,32765,-1396.6,-4499.1
2009-01-01T17:19:00,60,ILR,4.68,8.5,17.55,96.48,179.32,87.38,32795.3,-10.6,-4499.1,32765.5,-1396.6,-4499.1
2009-01-01T17:20:00,60,ILR,4.68,8.5,17.57,96.48,179.32,87.61,32795.3,-10.6,-4499,32765.6,-1396.6,-4499
2009-01-01T17:21:00,60,ILR,4.68,8.5,17.58,96.48,179.33,87.83,32795.4,-10.6,-4498.9,32765.6,-1396.6,-4498.9
2009-01-01T17:22:00,60,ILR,4.68,8.5,17.59,96.48,179.33,88.06,32795.5,-10.7,-4498.8,32765.7,-1396.7,-4498.8
2009-01-01T17:23:00,60,ILR,4.68,8.5,17.61,96.48,179.33,88.29,32795.3,-10.7,-4498.7,32765.6,-1396.7,-4498.7
2009-01-01T17:24:00,60,ILR,4.68,8.5,17.62,96.48,179.33,88.51,32795.8,-10.7,-4498.5,32766,-1396.7,-4498.5
2009-01-01T17:25:00,60,ILR,4.68,8.5,17.64,96.48,179.33,88.74,32795.9,-10.7,-4498.4,32766.1,-1396.8,-4498.4
2009-01-01T17:26:00,60,ILR,4.68,8.5,17.65,96.48,179.34,88.97,32796.2,-10.7,-4498.2,32766.4,-1396.8,-4498.2
2009-01-01T17:27:00,60,ILR,4.68,8.5,17.66,96.48,179.34,89.19,32796.5,-10.7,-4498.1,32766.7,-1396.8,-4498.1
2009-01-01T17:28:00,60,ILR,4.68,8.5,17.68,96.48,179.34,89.42,32796.5,-10.8,-4498,32766.7,-1396.9,-4498
2009-01-01T17:29:00,60,ILR,4.68,8.5,17.69,96.48,179.34,89.65,32796.6,-10.9,-4497.8,32766.9,-1397,-4497.8
2009-01-01T17:30:00,60,ILR,4.68,8.5,17.71,96.48,179.34,89.88,32796.7,-10.9,-4497.8,32766.9,-1397,-4497.8
2009-01-01T17:31:00,60,ILR,4.68,8.5,17.72,96.48,179.34,90.1,32796.8,-11,-4497.7,32767,-1397.1,-4497.7
2009-01-01T17:32:00,60,ILR,4.68,8.5,17.73,96.48,179.35,90.33,32796.8,-11.1,-4497.6,32767,-1397.1,-4497.6
2009-01-01T17:33:00,60,ILR,4.68,8.5,17.75,96.48,179.35,90.56,32796.8,-11.1,-4497.5,32767.1,-1397.2,-4497.5
2009-01-01T17:34:00,60,ILR,4.68,8.5,17.76,96.48,179.35,90.78,32796.8,-11.2,-4497.4,32767,-1397.3,-4497.4
2009-01-01T17:35:00,60,ILR,4.68,8.5,17.78,96.48,179.35,91.01,32796.7,-11.2,-4497.3,32766.9,-1397.3,-4497.3
2009-01-01T17:36:00,60,ILR,4.68,8.5,17.79,96.48,179.35,91.24,32796.4,-11.3,-4497.2,32766.6,-1397.3,-4497.2
2009-01-01T17:37:00,60,ILR,4.68,8.5,17.8,96.48,179.36,91.47,32796.4,-11.3,-4497.2,32766.6,-1397.4,-4497.2
2009-01-01T17:38:00,60,ILR,4.68,8.5,17.82,96.48,179.36,91.69,32796.3,-11.4,-4497.1,32766.6,-1397.4,-4497.1
2009-01-01T17:39:00,60,ILR,4.68,8.5,17.83,96.48,179.36,91.92,32796.2,-11.4,-4497.1,32766.5,-1397.5,-4497.1
2009-01-01T17:40:00,60,ILR,4.68,8.5,17.85,96.48,179.36,92.15,32796.2,-11.4,-4497.1,32766.4,-1397.5,-4497.1
2009-01-01T17:41:00,60,ILR,4.68,8.5,17.86,96.48,179.36,92.38,32796.1,-11.4,-4496.3,32766.3,-1397.4,-4496.3
2009-01-01T17:42:00,60,ILR,4.68,8.5,17.88,96.48,179.37,92.61,32796,-11.4,-4496.9,32766.3,-1397.4,-4496.9
2009-01-01T17:43:00,60,ILR,4.68,8.5,17.89,96.48,179.37,92.83,32796.1,-11.2,-4496.8,32766.4,-1397.3,-4496.8
2009-01-01T17:44:00,60,ILR,4.68,8.5,17.91,96.48,179.37,93.06,32796.1,-11.1,-4496.4,32766.3,-1397.1,-4496.4
2009-01-01T17:45:00,60,ILR,4.68,8.5,17.92,96.48,179.37,93.29,32796.1,-10.9,-4496.9,32766.4,-1396.9,-4496.9
2009-01-01T17:46:00,60,ILR,4.68,8.5,17.93,96.48,179.37,93.52,32796.1,-10.7,-4496.5,32766.4,-1396.8,-4496.5
2009-01-01T17:47:00,60,ILR,4.68,8.5,17.95,96.48,179.37,93.75,32796.2,-10.6,-4496.7,32766.5,-1396.7,-4496.7
2009-01-01T17:48:00,60,ILR,4.68,8.5,17.96,96.48,179.38,93.97,32796.4,-10.4,-4496.6,32766.6,-1396.5,-4496.6
2009-01-01T17:49:00,60,ILR,4.68,8.5,17.98,96.48,179.38,94.2,32796.4,-10.2,-4496,32766.6,-1396.3,-4496
2009-01-01T17:50:00,60,ILR,4.68,8.5,17.99,96.48,179.38,94.43,32796.6,-10.2,-4495.9,32766.8,-1396.3,-4495.9
2009-01-01T17:51:00,60,ILR,4.68,8.5,18.01,96.48,179.38,94.66,32796.6,-10,-4496.2,32766.9,-1396.1,-4496.2
2009-01-01T17:52:00,60,ILR,4.68,8.5,18.02,96.48,179.38,94.89,32796.6,-10,-4496.1,32766.9,-1396.1,-4496.1
2009-01-01T17:53:00,60,ILR,4.68,8.5,18.04,96.48,179.38,95.11,32796.6,-10,-4496,32766.9,-1396.1,-4496
2009-01-01T17:54:00,60,ILR,4.68,8.5,18.05,96.48,179.39,95.34,32796.6,-9.9,-4495.8,32766.9,-1396,-4495.8
2009-01-01T17:55:00,60,ILR,4.68,8.5,18.06,96.48,179.39,95.57,32796.8,-9.8,-4495.8,32767,-1395.9,-4495.8
2009-01-01T17:56:00,60,ILR,4.68,8.5,18.08,96.48,179.39,95.8,32796.8,-9.7,-4496,32767,-1395.8,-4496
2009-01-01T17:57:00,60,ILR,4.68,8.5,18.09,96.48,179.39,96.03,32796.7,-9.5,-4495.7,32767,-1395.6,-4495.7
2009-01-01T17:58:00,60,ILR,4.68,8.5,18.11,96.48,179.39,96.26,32796.8,-9.5,-4496,32767.1,-1395.6,-4496
2009-01-01T17:59:00,60,ILR,4.68,8.5,18.12,96.48,179.39,96.49,32796.8,-9.5,-4495.9,32767.1,-1395.5,-4495.9
2009-01-01T18:00:00,60,ILR,4.68,8.5,18.14,96.48,179.4,96.71,32796.8,-9.4,-4495.9,32767.1,-1395.5,-4495.9
2009-01-01T18:01:00,60,ILR,4.68,8.5,18.15,96.48,179.4,96.94,32796.7,-9.3,-4496.4,32767,-1395.4,-4496.4
2009-01-01T18:02:00,60,ILR,4.68,8.5,18.17,96.48,179.4,97.17,32796.7,-9.4,-4496.1,32767,-1395.5,-4496.1
2009-01-01T18:03:00,60,ILR,4.68,8.5,18.18,96.48,179.4,97.4,32796.5,-9.1,-4496.4,32766.8,-1395.2,-4496.4
2009-01-01T18:04:00,60,ILR,4.68,8.5,18.2,96.48,179.4,97.63,32796.3,-9.1,-4496.4,32766.7,-1395.2,-4496.4
2009-01-01T18:05:00,60,ILR,4.68,8.5,18.21,96.48,179.4,97.86,32796.4,-9.1,-4496.1,32766.7,-1395.1,-4496.1
2009-01-01T18:06:00,60,ILR,4.68,8.5,18.23,96.48,179.4,98.09,32796.4,-9,-4496,32766.7,-1395,-4496
2009-01-01T18:07:00,60,ILR,4.68,8.5,18.24,96.48,179.41,98.32,32796.3,-8.9,-4496.1,32766.7,-1394.9,-4496.1
2009-01-01T18:08:00,60,ILR,4.68,8.5,18.26,96.48,179.41,98.55,32796.4,-8.8,-4496.3,32766.7,-1394.9,-4496.3
2009-01-01T18:09:00,60,ILR,4.68,8.5,18.27,96.48,179.41,98.77,32796.3,-8.7,-4496.6,32766.6,-1394.8,-4496.6
2009-01-01T18:10:00,60,ILR,4.68,8.5,18.29,96.48,179.41,99,32796.2,-8.7,-4496.6,32766.6,-1394.7,-4496.6
2009-01-01T18:11:00,60,ILR,4.68,8.5,18.3,96.48,179.41,99.23,32796.3,-8.7,-4496.6,32766.6,-1394.8,-4496.6
2009-01-01T18:12:00,60,ILR,4.68,8.5,18.32,96.48,179.41,99.46,32796.1,-8.7,-4496.7,32766.4,-1394.8,-4496.7
2009-01-01T18:13:00,60,ILR,4.68,8.5,18.33,96.48,179.42,99.69,32796.1,-8.8,-4496.7,32766.4,-1394.8,-4496.7
2009-01-01T18:14:00,60,ILR,4.68,8.5,18.35,96.48,179.42,99.92,32796,-8.8,-4496.6,32766.3,-1394.8,-4496.6
2009-01-01T18:15:00,60,ILR,4.68,8.5,18.36,96.48,179.42,100.15,32795.9,-8.5,-4496.7,32766.2,-1394.6,-4496.7
2009-01-01T18:16:00,60,ILR,4.68,8.5,18.38,96.48,179.42,100.38,32796,-8.3,-4496.7,32766.4,-1394.4,-4496.7
2009-01-01T18:17:00,60,ILR,4.68,8.5,18.39,96.48,179.42,100.61,32796,-8.2,-4496.6,32766.3,-1394.2,-4496.6
2009-01-01T18:18:00,60,ILR,4.68,8.5,18.41,96.48,179.42,100.84,32796.1,-8,-4496.6,32766.5,-1394.1,-4496.6
2009-01-01T18:19:00,60,ILR,4.68,8.5,18.42,96.48,179.42,101.07,32796.2,-7.8,-4496.7,32766.5,-1393.9,-4496.7
2009-01-01T18:20:00,60,ILR,4.68,8.5,18.44,96.48,179.43,101.3,32796.3,-7.8,-4496.8,32766.6,-1393.8,-4496.8
2009-01-01T18:21:00,60,ILR,4.68,8.5,18.45,96.48,179.43,101.53,32796.2,-7.6,-4496.9,32766.6,-1393.7,-4496.9
2009-01-01T18:22:00,60,ILR,4.68,8.5,18.47,96.48,179.43,101.75,32796.2,-7.5,-4496.8,32766.6,-1393.6,-4496.8
2009-01-01T18:23:00,60,ILR,4.68,8.5,18.48,96.48,179.43,101.98,32796.1,-7.4,-4496.9,32766.5,-1393.5,-4496.9
2009-01-01T18:24:00,60,ILR,4.68,8.5,18.5,96.48,179.43,102.21,32796.1,-7,-4497,32766.5,-1393.1,-4497
2009-01-01T18:25:00,60,ILR,4.68,8.5,18.51,96.48,179.43,102.44,32796.1,-6.4,-4497,32766.6,-1392.4,-4497
2009-01-01T18:26:00,60,ILR,4.68,8.5,18.53,96.48,179.43,102.67,32796.2,-6.3,-4497,32766.6,-1392.4,-4497
2009-01-01T18:27:00,60,ILR,4.68,8.5,18.54,96.48,179.44,102.9,32796.3,-6.2,-4497,32766.7,-1392.3,-4497
2009-01-01T18:28:00,60,ILR,4.68,8.5,18.56,96.48,179.44,103.13,32796.3,-6.3,-4497.2,32766.7,-1392.4,-4497.2
2009-01-01T18:29:00,60,ILR,4.68,8.5,18.58,96.48,179.44,103.36,32796.4,-6.3,-4497.2,32766.8,-1392.4,-4497.2
2009-01-01T18:30:00,60,ILR,4.68,8.5,18.59,96.48,179.44,103.59,32796.5,-6.1,-4497.2,32766.9,-1392.2,-4497.2
2009-01-01T18:31:00,60,ILR,4.68,8.5,18.61,96.48,179.44,103.82,32796.4,-6.1,-4497.2,32766.9,-1392.2,-4497.2
2009-01-01T18:32:00,60,ILR,4.68,8.5,18.62,96.48,179.44,104.05,32796.6,-6.2,-4497.3,32767,-1392.3,-4497.3
2009-01-01T18:33:00,60,ILR,4.68,8.5,18.64,96.48,179.44,104.28,32796.5,-6.2,-4497.4,32766.9,-1392.3,-4497.4
2009-01-01T18:34:00,60,ILR,4.68,8.5,18.65,96.48,179.45,104.51,32796.5,-6.2,-4497.3,32766.9,-1392.3,-4497.3
2009-01-01T18:35:00,60,ILR,4.68,8.5,18.67,96.48,179.45,104.74,32796.3,-6.2,-4497.4,32766.8,-1392.3,-4497.4
2009-01-01T18:36:00,60,ILR,4.68,8.5,18.68,96.48,179.45,104.97,32796.3,-6.2,-4497.4,32766.8,-1392.3,-4497.4
2009-01-01T18:37:00,60,ILR,4.68,8.5,18.7,96.48,179.45,105.2,32796.4,-6.3,-4497.4,32766.8,-1392.3,-4497.4
2009-01-01T18:38:00,60,ILR,4.68,8.5,18.71,96.48,179.45,105.43,32796.4,-6.1,-4497.4,32766.9,-1392.2,-4497.4
2009-01-01T18:39:00,60,ILR,4.68,8.5,18.73,96.48,179.45,105.66,32796.4,-6.1,-4497.4,32766.8,-1392.2,-4497.4
2009-01-01T18:40:00,60,ILR,4.68,8.5,18.75,96.48,179.45,105.89,32796.2,-6.1,-4497.4,32766.7,-1392.1,-4497.4
2009-01-01T18:41:00,60,ILR,4.68,8.5,18.76,96.48,179.46,106.12,32796.2,-6.1,-4497.5,32766.7,-1392.2,-4497.5
2009-01-01T18:42:00,60,ILR,4.68,8.5,18.78,96.48,179.46,106.35,32796.2,-6.2,-4497.6,32766.7,-1392.2,-4497.6
2009-01-01T18:43:00,60,ILR,4.68,8.5,18.79,96.48,179.46,106.58,32796.3,-6.2,-4497.6,32766.7,-1392.3,-4497.6
2009-01-01T18:44:00,60,ILR,4.68,8.5,18.81,96.48,179.46,106.81,32796.4,-6.2,-4497.7,32766.8,-1392.2,-4497.7
2009-01-01T18:45:00,60,ILR,4.68,8.5,18.82,96.48,179.46,107.04,32796.4,-6.2,-4497.8,32766.8,-1392.3,-4497.8
2009-01-01T18:46:00,60,ILR,4.68,8.5,18.84,96.48,179.46,107.27,32796.4,-6.2,-4497.8,32766.8,-1392.3,-4497.8
2009-01-01T18:47:00,60,ILR,4.68,8.5,18.85,96.48,179.46,107.5,32796.3,-6.3,-4497.8,32766.7,-1392.3,-4497.8
2009-01-01T18:48:00,60,ILR,4.68,8.5,18.87,96.48,179.46,107.73,32796.2,-6.2,-4497.8,32766.7,-1392.3,-4497.8
2009-01-01T18:49:00,60,ILR,4.68,8.5,18.89,96.48,179.47,107.96,32796.4,-6.2,-4497.8,32766.9,-1392.3,-4497.8
2009-01-01T18:50:00,60,ILR,4.68,8.5,18.9,96.48,179.47,108.19,32796.5,-6.3,-4497.7,32766.9,-1392.3,-4497.7
2009-01-01T18:51:00,60,ILR,4.68,8.5,18.92,96.48,179.47,108.42,32796.6,-6.3,-4497.7,32767,-1392.4,-4497.7
2009-01-01T18:52:00,60,ILR,4.68,8.5,18.93,96.48,179.47,108.65,32796.5,-6.3,-4497.7,32766.9,-1392.4,-4497.7
2009-01-01T18:53:00,60,ILR,4.68,8.5,18.95,96.48,179.47,108.88,32796.5,-6.4,-4497.7,32766.9,-1392.4,-4497.7
2009-01-01T18:54:00,60,ILR,4.68,8.5,18.96,96.48,179.47,109.11,32796.6,-6.4,-4497.7,32767.1,-1392.5,-4497.7
2009-01-01T18:55:00,60,ILR,4.68,8.5,18.98,96.48,179.47,109.34,32796.6,-6.4,-4497.7,32767.1,-1392.5,-4497.7
2009-01-01T18:56:00,60,ILR,4.68,8.5,19,96.48,179.47,109.57,32796.5,-6.3,-4497.7,32766.9,-1392.4,-4497.7
2009-01-01T18:57:00,60,ILR,4.68,8.5,19.01,96.48,179.48,109.8,32796.6,-6.3,-4497.8,32767,-1392.3,-4497.8
2009-01-01T18:58:00,60,ILR,4.68,8.5,19.03,96.48,179.48,110.03,32796.5,-6.3,-4497.8,32767,-1392.4,-4497.8
2009-01-01T18:59:00,60,ILR,4.68,8.5,19.04,96.48,179.48,110.26,32796.6,-6.2,-4497.8,32767,-1392.3,-4497.8
2009-01-01T19:00:00,60,ILR,4.68,8.5,19.06,96.48,179.48,110.49,32796.7,-6.1,-4497.8,32767.1,-1392.2,-4497.8
2009-01-01T19:01:00,60,ILR,4.68,8.5,19.08,96.48,179.48,110.72,32796.8,-6,-4497.8,32767.2,-1392,-4497.8
2009-01-01T19:02:00,60,ILR,4.68,8.5,19.09,96.48,179.48,110.95,32796.8,-5.9,-4497.9,32767.3,-1391.9,-4497.9
2009-01-01T19:03:00,60,ILR,4.68,8.5,19.11,96.48,179.48,111.18,32796.9,-5.5,-4497.8,32767.4,-1391.6,-4497.8
2009-01-01T19:04:00,60,ILR,4.68,8.5,19.12,96.48,179.48,111.41,32797.1,-5.5,-4497.8,32767.6,-1391.6,-4497.8
2009-01-01T19:05:00,60,ILR,4.68,8.5,19.14,96.48,179.48,111.64,32797.2,-5.5,-4497.8,32767.6,-1391.6,-4497.8
2009-01-01T19:06:00,60,ILR,4.68,8.5,19.16,96.48,179.49,111.87,32797.2,-5.6,-4497.8,32767.6,-1391.7,-4497.8
2009-01-01T19:07:00,60,ILR,4.68,8.5,19.17,96.48,179.49,112.1,32797.2,-5.5,-4497.9,32767.6,-1391.6,-4497.9
2009-01-01T19:08:00,60,ILR,4.68,8.5,19.19,96.48,179.49,112.33,32797.3,-5.5,-4497.9,32767.8,-1391.6,-4497.9
2009-01-01T19:09:00,60,ILR,4.68,8.5,19.2,96.48,179.49,112.56,32797.4,-5.5,-4498,32767.8,-1391.6,-4498
2009-01-01T19:10:00,60,ILR,4.68,8.5,19.22,96.48,179.49,112.79,32797.3,-5.6,-4498.1,32767.8,-1391.7,-4498.1
2009-01-01T19:11:00,60,ILR,4.68,8.5,19.23,96.48,179.49,113.02,32797.4,-5.7,-4498.1,32767.9,-1391.8,-4498.1
2009-01-01T19:12:00,60,ILR,4.68,8.5,19.25,96.48,179.49,113.25,32797.5,-5.9,-4498.1,32768,-1392,-4498.1
2009-01-01T19:13:00,60,ILR,4.68,8.5,19.27,96.48,179.49,113.48,32797.6,-6,-4498.2,32768.1,-1392.1,-4498.2
2009-01-01T19:14:00,60,ILR,4.68,8.5,19.28,96.48,179.5,113.71,32797.6,-5.9,-4498.3,32768.1,-1392.1,-4498.3
2009-01-01T19:15:00,60,ILR,4.68,8.5,19.3,96.48,179.5,113.94,32797.4,-5.9,-4498.2,32767.9,-1392,-4498.2
2009-01-01T19:16:00,60,ILR,4.68,8.5,19.31,96.48,179.5,114.17,32797.3,-6,-4498.2,32767.8,-1392.1,-4498.2
2009-01-01T19:17:00,60,ILR,4.68,8.5,19.33,96.48,179.5,114.4,32797.4,-6.1,-4498.2,32767.9,-1392.2,-4498.2
2009-01-01T19:18:00,60,ILR,4.68,8.5,19.35,96.48,179.5,114.63,32797.3,-6.2,-4498.3,32767.8,-1392.3,-4498.3
2009-01-01T19:19:00,60,ILR,4.68,8.5,19.36,96.48,179.5,114.86,32797.3,-6.3,-4498.4,32767.7,-1392.4,-4498.4
2009-01-01T19:20:00,60,ILR,4.68,8.5,19.38,96.48,179.5,115.09,32797.4,-6.3,-4498.4,32767.8,-1392.4,-4498.4
2009-01-01T19:21:00,60,ILR,4.68,8.5,19.39,96.48,179.5,115.32,32797.4,-6.2,-4498.4,32767.8,-1392.3,-4498.4
2009-01-01T19:22:00,60,ILR,4.68,8.5,19.41,96.48,179.5,115.55,32797.3,-6.2,-4498.4,32767.8,-1392.3,-4498.4
2009-01-01T19:23:00,60,ILR,4.68,8.5,19.43,96.48,179.51,115.78,32797.1,-6.2,-4498.4,32767.6,-1392.3,-4498.4
2009-01-01T19:24:00,60,ILR,4.68,8.5,19.44,96.48,179.51,116.01,32797.1,-6.1,-4498.4,32767.6,-1392.2,-4498.4
2009-01-01T19:25:00,60,ILR,4.68,8.5,19.46,96.48,179.51,116.24,32797.2,-6.1,-4498.4,32767.6,-1392.2,-4498.4
2009-01-01T19:26:00,60,ILR,4.68,8.5,19.47,96.48,179.51,116.47,32797.1,-6.1,-4498.4,32767.6,-1392.2,-4498.4
2009-01-01T19:27:00,60,ILR,4.68,8.5,19.49,96.48,179.51,116.7,32797.1,-6.1,-4498.4,32767.6,-1392.2,-4498.4
2009-01-01T19:28:00,60,ILR,4.68,8.5,19.51,96.48,179.51,116.93,32797.1,-6.1,-4498.5,32767.5,-1392.2,-4498.5
2009-01-01T19:29:00,60,ILR,4.68,8.5,19.52,96.48,179.51,117.16,32797.3,-6,-4498.5,32767.8,-1392.1,-4498.5
2009-01-01T19:30:00,60,ILR,4.68,8.5,19.54,96.48,179.51,117.39,32797.4,-6,-4498.6,32767.8,-1392.1,-4498.6
2009-01-01T19:31:00,60,ILR,4.68,8.5,19.55,96.48,179.51,117.62,32797.4,-6,-4498.6,32767.9,-1392.1,-4498.6
2009-01-01T19:32:00,60,ILR,4.68,8.5,19.57,96.48,179.51,117.85,32797.5,-6,-4498.5,32767.9,-1392.1,-4498.5
2009-01-01T19:33:00,60,ILR,4.68,8.5,19.59,96.48,179.52,118.08,32797.4,-6,-4498.6,32767.9,-1392.1,-4498.6
2009-01-01T19:34:00,60,ILR,4.68,8.5,19.6,96.48,179.52,118.31,32797.6,-6.2,-4498.6,32768.1,-1392.3,-4498.6
2009-01-01T19:35:00,60,ILR,4.68,8.5,19.62,96.48,179.52,118.54,32797.6,-6.2,-4498.6,32768,-1392.3,-4498.6
2009-01-01T19:36:00,60,ILR,4.68,8.5,19.63,96.48,179.52,118.77,32797.7,-6.2,-4498.6,32768.2,-1392.3,-4498.6
2009-01-01T19:37:00,60,ILR,4.68,8.5,19.65,96.48,179.52,119,32797.9,-6.3,-4498.7,32768.3,-1392.5,-4498.7
2009-01-01T19:38:00,60,ILR,4.68,8.5,19.67,96.48,179.52,119.23,32797.9,-6.4,-4498.7,32768.3,-1392.6,-4498.7
2009-01-01T19:39:00,60,ILR,4.68,8.5,19.68,96.48,179.52,119.46,32798.2,-6.5,-4498.7,32768.6,-1392.6,-4498.7
2009-01-01T19:40:00,60,ILR,4.68,8.5,19.7,96.48,179.52,119.69,32798.1,-6.5,-4498.6,32768.5,-1392.6,-4498.6
2009-01-01T19:41:00,60,ILR,4.68,8.5,19.71,96.48,179.52,119.92,32798.1,-6.4,-4498.6,32768.5,-1392.6,-4498.6
2009-01-01T19:42:00,60,ILR,4.68,8.5,19.73,96.48,179.52,120.15,32798,-6.6,-4498.7,32768.5,-1392.7,-4498.7
2009-01-01T19:43:00,60,ILR,4.68,8.5,19.75,96.48,179.53,120.38,32797.8,-6.5,-4498.8,32768.3,-1392.6,-4498.8
2009-01-01T19:44:00,60,ILR,4.68,8.5,19.76,96.48,179.53,120.61,32797.9,-6.5,-4498.9,32768.3,-1392.7,-4498.9
2009-01-01T19:45:00,60,ILR,4.68,8.5,19.78,96.48,179.53,120.84,32797.8,-6.7,-4499,32768.2,-1392.8,-4499
2009-01-01T19:46:00,60,ILR,4.68,8.5,19.79,96.48,179.53,121.07,32797.8,-6.7,-4499,32768.2,-1392.8,-4499
2009-01-01T19:47:00,60,ILR,4.68,8.5,19.81,96.48,179.53,121.3,32797.7,-6.8,-4499,32768.1,-1392.9,-4499
2009-01-01T19:48:00,60,ILR,4.68,8.5,19.83,96.48,179.53,121.53,32797.5,-6.8,-4499,32767.9,-1393,-4499
2009-01-01T19:49:00,60,ILR,4.68,8.5,19.84,96.48,179.53,121.76,32797.5,-6.7,-4499,32768,-1392.8,-4499
2009-01-01T19:50:00,60,ILR,4.68,8.5,19.86,96.48,179.53,121.99,32797.5,-6.7,-4499,32767.9,-1392.8,-4499
2009-01-01T19:51:00,60,ILR,4.68,8.5,19.87,96.48,179.53,122.22,32797.4,-6.8,-4499,32767.8,-1392.9,-4499
2009-01-01T19:52:00,60,ILR,4.68,8.5,19.89,96.48,179.53,122.45,32797.4,-6.7,-4499,32767.8,-1392.8,-4499
2009-01-01T19:53:00,60,ILR,4.68,8.5,19.91,96.48,179.54,122.68,32797.4,-6.6,-4499.1,32767.8,-1392.7,-4499.1
2009-01-01T19:54:00,60,ILR,4.68,8.5,19.92,96.48,179.54,122.91,32797.4,-6.7,-4499.1,32767.8,-1392.8,-4499.1
2009-01-01T19:55:00,60,ILR,4.68,8.5,19.94,96.48,179.54,123.14,32797.4,-6.6,-4499.1,32767.8,-1392.7,-4499.1
2009-01-01T19:56:00,60,ILR,4.68,8.5,19.95,96.48,179.54,123.37,32797.3,-6.6,-4499.1,32767.8,-1392.7,-4499.1
2009-01-01T19:57:00,60,ILR,4.68,8.5,19.97,96.48,179.54,123.59,32797.4,-6.7,-4499,32767.9,-1392.8,-4499
2009-01-01T19:58:00,60,ILR,4.68,8.5,19.99,96.48,179.54,123.82,32797.5,-6.6,-4499.1,32767.9,-1392.7,-4499.1
2009-01-01T19:59:00,60,ILR,4.68,8.5,20,96.48,179.54,124.05,32797.6,-6.6,-4499.1,32768,-1392.7,-4499.1
2009-01-01T20:00:00,60,ILR,4.68,8.5,20.02,96.48,179.54,124.28,32797.7,-6.8,-4499.1,32768.2,-1392.9,-4499.1
2009-01-01T20:01:00,60,ILR,4.68,8.5,20.03,96.48,179.54,124.51,32797.7,-6.8,-4499.1,32768.1,-1392.9,-4499.1
2009-01-01T20:02:00,60,ILR,4.68,8.5,20.05,96.48,179.54,124.74,32797.7,-6.8,-4499.1,32768.1,-1392.9,-4499.1
2009-01-01T20:03:00,60,ILR,4.68,8.5,20.07,96.48,179.54,124.97,32797.6,-6.8,-4499.1,32768,-1392.9,-4499.1
2009-01-01T20:04:00,60,ILR,4.68,8.5,20.08,96.48,179.55,125.2,32797.7,-6.7,-4499.1,32768.1,-1392.9,-4499.1
2009-01-01T20:05:00,60,ILR,4.68,8.5,20.1,96.48,179.55,125.43,32797.9,-6.9,-4499.2,32768.3,-1393,-4499.2
2009-01-01T20:06:00,60,ILR,4.68,8.5,20.11,96.48,179.55,125.66,32798.1,-6.8,-4499.2,32768.5,-1393,-4499.2
2009-01-01T20:07:00,60,ILR,4.68,8.5,20.13,96.48,179.55,125.89,32798.1,-6.8,-4499.2,32768.5,-1392.9,-4499.2
2009-01-01T20:08:00,60,ILR,4.68,8.5,20.15,96.48,179.55,126.11,32798,-6.8,-4499.1,32768.4,-1392.9,-4499.1
2009-01-01T20:09:00,60,ILR,4.68,8.5,20.16,96.48,179.55,126.34,32798.1,-6.8,-4499.2,32768.5,-1392.9,-4499.2
2009-01-01T20:10:00,60,ILR,4.68,8.5,20.18,96.48,179.55,126.57,32798.1,-7.1,-4499.2,32768.5,-1393.2,-4499.2
2009-01-01T20:11:00,60,ILR,4.68,8.5,20.2,96.48,179.55,126.8,32797.9,-7.3,-4499.4,32768.3,-1393.4,-4499.4
2009-01-01T20:12:00,60,ILR,4.68,8.5,20.21,96.48,179.55,127.03,32798,-7.4,-4499.3,32768.4,-1393.5,-4499.3
2009-01-01T20:13:00,60,ILR,4.68,8.5,20.23,96.48,179.55,127.26,32797.9,-7.4,-4499.3,32768.3,-1393.6,-4499.3
2009-01-01T20:14:00,60,ILR,4.68,8.5,20.24,96.48,179.55,127.49,32798.1,-7.5,-4499.3,32768.4,-1393.6,-4499.3
2009-01-01T20:15:00,60,ILR,4.68,8.5,20.26,96.48,179.56,127.71,32798.2,-7.6,-4499.2,32768.6,-1393.7,-4499.2
2009-01-01T20:16:00,60,ILR,4.68,8.5,20.28,96.48,179.56,127.94,32798.4,-7.8,-4499.2,32768.7,-1393.9,-4499.2
2009-01-01T20:17:00,60,ILR,4.68,8.5,20.29,96.48,179.56,128.17,32798.5,-8.1,-4499.2,32768.9,-1394.2,-4499.2
2009-01-01T20:18:00,60,ILR,4.68,8.5,20.31,96.48,179.56,128.4,32798.7,-8.1,-4499.1,32769,-1394.2,-4499.1
2009-01-01T20:19:00,60,ILR,4.68,8.5,20.32,96.48,179.56,128.63,32798.8,-8,-4499.1,32769.2,-1394.2,-4499.1
2009-01-01T20:20:00,60,ILR,4.68,8.5,20.34,96.48,179.56,128.86,32798.9,-8.1,-4499.2,32769.3,-1394.2,-4499.2
2009-01-01T20:21:00,60,ILR,4.68,8.5,20.36,96.48,179.56,129.08,32799.2,-8,-4499.2,32769.6,-1394.2,-4499.2
2009-01-01T20:22:00,60,ILR,4.68,8.5,20.37,96.48,179.56,129.31,32799.4,-8,-4499.1,32769.7,-1394.2,-4499.1
2009-01-01T20:23:00,60,ILR,4.68,8.5,20.39,96.48,179.56,129.54,32799.6,-8.1,-4499.1,32769.9,-1394.3,-4499.1
2009-01-01T20:24:00,60,ILR,4.68,8.5,20.4,96.48,179.56,129.77,32799.8,-8.1,-4499.1,32770.1,-1394.3,-4499.1
2009-01-01T20:25:00,60,ILR,4.68,8.5,20.42,96.48,179.56,129.99,32799.7,-8.3,-4499.1,32770.1,-1394.5,-4499.1
2009-01-01T20:26:00,60,ILR,4.68,8.5,20.44,96.48,179.56,130.22,32799.7,-8.3,-4499.1,32770,-1394.5,-4499.1
2009-01-01T20:27:00,60,ILR,4.68,8.5,20.45,96.48,179.57,130.45,32799.5,-8.4,-4499,32769.8,-1394.6,-4499
2009-01-01T20:28:00,60,ILR,4.68,8.5,20.47,96.48,179.57,130.68,32799.5,-8.5,-4499,32769.8,-1394.6,-4499
2009-01-01T20:29:00,60,ILR,4.68,8.5,20.48,96.48,179.57,130.91,32799.5,-8.4,-4499.2,32769.8,-1394.6,-4499.2
2009-01-01T20:30:00,60,ILR,4.68,8.5,20.5,96.48,179.57,131.13,32799.3,-8.4,-4499.3,32769.6,-1394.6,-4499.3
2009-01-01T20:31:00,60,ILR,4.68,8.5,20.52,96.48,179.57,131.36,32799.3,-8.4,-4499.1,32769.7,-1394.6,-4499.1
2009-01-01T20:32:00,60,ILR,4.68,8.5,20.53,96.48,179.57,131.59,32799.1,-8.4,-4499.1,32769.4,-1394.5,-4499.1
2009-01-01T20:33:00,60,ILR,4.68,8.5,20.55,96.48,179.57,131.81,32799,-8.4,-4499.1,32769.4,-1394.6,-4499.1
2009-01-01T20:34:00,60,ILR,4.68,8.5,20.56,96.48,179.57,132.04,32798.8,-8.4,-4499.2,32769.1,-1394.6,-4499.2
2009-01-01T20:35:00,60,ILR,4.68,8.5,20.58,96.48,179.57,132.27,32798.8,-8.4,-4499.1,32769.1,-1394.6,-4499.1
2009-01-01T20:36:00,60,ILR,4.68,8.5,20.6,96.48,179.57,132.5,32798.7,-8.4,-4499.1,32769,-1394.5,-4499.1
2009-01-01T20:37:00,60,ILR,4.68,8.5,20.61,96.48,179.57,132.72,32798.9,-8.2,-4499.1,32769.2,-1394.4,-4499.1
2009-01-01T20:38:00,60,ILR,4.68,8.5,20.63,96.48,179.57,132.95,32798.8,-8.2,-4499.1,32769.2,-1394.4,-4499.1
2009-01-01T20:39:00,60,ILR,4.68,8.5,20.64,96.48,179.58,133.18,32798.6,-8.1,-4499.1,32769,-1394.3,-4499.1
2009-01-01T20:40:00,60,ILR,4.68,8.5,20.66,96.48,179.58,133.4,32798.5,-8.1,-4499.1,32768.8,-1394.2,-4499.1
2009-01-01T20:41:00,60,ILR,4.68,8.5,20.68,96.48,179.58,133.63,32798.4,-7.8,-4499.2,32768.8,-1393.9,-4499.2
2009-01-01T20:42:00,60,ILR,4.68,8.5,20.69,96.48,179.58,133.85,32798.2,-7.8,-4499.3,32768.6,-1393.9,-4499.3
2009-01-01T20:43:00,60,ILR,4.68,8.5,20.71,96.48,179.58,134.08,32798,-8.1,-4499.4,32768.4,-1394.2,-4499.4
2009-01-01T20:44:00,60,ILR,4.68,8.5,20.73,96.48,179.58,134.31,32797.8,-8.3,-4499.5,32768.2,-1394.4,-4499.5
2009-01-01T20:45:00,60,ILR,4.68,8.5,20.74,96.48,179.58,134.53,32797.7,-8.3,-4499.6,32768,-1394.5,-4499.6
2009-01-01T20:46:00,60,ILR,4.68,8.5,20.76,96.48,179.58,134.76,32797.5,-8.4,-4499.5,32767.8,-1394.5,-4499.5
2009-01-01T20:47:00,60,ILR,4.68,8.5,20.77,96.48,179.58,134.98,32797.4,-8.3,-4499.6,32767.7,-1394.4,-4499.6
2009-01-01T20:48:00,60,ILR,4.68,8.5,20.79,96.48,179.58,135.21,32797.2,-8.2,-4499.7,32767.6,-1394.3,-4499.7
2009-01-01T20:49:00,60,ILR,4.68,8.5,20.81,96.48,179.58,135.44,32797.2,-8.3,-4499.6,32767.5,-1394.4,-4499.6
2009-01-01T20:50:00,60,ILR,4.68,8.5,20.82,96.48,179.58,135.66,32797.3,-8.1,-4499.6,32767.6,-1394.2,-4499.6
2009-01-01T20:51:00,60,ILR,4.68,8.5,20.84,96.48,179.58,135.89,32797.4,-8.2,-4499.6,32767.8,-1394.4,-4499.6
2009-01-01T20:52:00,60,ILR,4.68,8.5,20.85,96.48,179.59,136.11,32797.5,-8.2,-4499.7,32767.8,-1394.3,-4499.7
2009-01-01T20:53:00,60,ILR,4.68,8.5,20.87,96.48,179.59,136.34,32797.6,-8.3,-4499.7,32767.9,-1394.4,-4499.7
2009-01-01T20:54:00,60,ILR,4.68,8.5,20.89,96.48,179.59,136.56,32797.7,-8.4,-4499.6,32768,-1394.5,-4499.6
2009-01-01T20:55:00,60,ILR,4.68,8.5,20.9,96.48,179.59,136.79,32797.7,-8.4,-4499.6,32768.1,-1394.5,-4499.6
2009-01-01T20:56:00,60,ILR,4.68,8.5,20.92,96.48,179.59,137.01,32797.7,-8.3,-4499.7,32768,-1394.4,-4499.7
2009-01-01T20:57:00,60,ILR,4.68,8.5,20.93,96.48,179.59,137.24,32797.6,-8.1,-4499.8,32767.9,-1394.2,-4499.8
2009-01-01T20:58:00,60,ILR,4.68,8.5,20.95,96.48,179.59,137.46,32797.5,-8.2,-4499.7,32767.9,-1394.3,-4499.7
2009-01-01T20:59:00,60,ILR,4.68,8.5,20.97,96.48,179.59,137.68,32797.5,-8.1,-4499.8,32767.8,-1394.2,-4499.8
2009-01-01T21:00:00,60,ILR,4.68,8.5,20.98,96.48,179.59,137.91,32797.4,-8.2,-4499.8,32767.8,-1394.3,-4499.8
2009-01-01T21:01:00,60,ILR,4.68,8.5,21,96.48,179.59,138.13,32797.3,-8.2,-4499.8,32767.6,-1394.2,-4499.8
2009-01-01T21:02:00,60,ILR,4.68,8.5,21.02,96.48,179.59,138.36,32797.1,-8.2,-4499.8,32767.5,-1394.3,-4499.8
2009-01-01T21:03:00,60,ILR,4.68,8.5,21.03,96.48,179.59,138.58,32796.8,-8.3,-4499.9,32767.2,-1394.4,-4499.9
2009-01-01T21:04:00,60,ILR,4.68,8.5,21.05,96.48,179.59,138.8,32796.8,-8.4,-4499.8,32767.1,-1394.5,-4499.8
2009-01-01T21:05:00,60,ILR,4.68,8.5,21.06,96.48,179.6,139.03,32796.8,-8.3,-4499.9,32767.1,-1394.4,-4499.9
2009-01-01T21:06:00,60,ILR,4.68,8.5,21.08,96.48,179.6,139.25,32796.6,-8.3,-4499.9,32767,-1394.4,-4499.9
2009-01-01T21:07:00,60,ILR,4.68,8.5,21.1,96.48,179.6,139.47,32796.6,-8.3,-4499.9,32766.9,-1394.4,-4499.9
2009-01-01T21:08:00,60,ILR,4.68,8.5,21.11,96.48,179.6,139.7,32796.6,-8.5,-4499.9,32767,-1394.5,-4499.9
2009-01-01T21:09:00,60,ILR,4.68,8.5,21.13,96.48,179.6,139.92,32796.6,-8.4,-4499.8,32766.9,-1394.5,-4499.8
2009-01-01T21:10:00,60,ILR,4.68,8.5,21.15,96.48,179.6,140.14,32796.5,-8.2,-4499.8,32766.9,-1394.2,-4499.8
2009-01-01T21:11:00,60,ILR,4.68,8.5,21.16,96.48,179.6,140.36,32796.5,-8,-4499.9,32766.9,-1394.1,-4499.9
2009-01-01T21:12:00,60,ILR,4.68,8.5,21.18,96.48,179.6,140.59,32796.5,-7.9,-4500,32766.8,-1393.9,-4500
2009-01-01T21:13:00,60,ILR,4.68,8.5,21.19,96.48,179.6,140.81,32796.5,-7.7,-4500,32766.8,-1393.8,-4500
2009-01-01T21:14:00,60,ILR,4.68,8.5,21.21,96.48,179.6,141.03,32796.6,-7.6,-4500,32767,-1393.7,-4500
2009-01-01T21:15:00,60,ILR,4.68,8.5,21.23,96.48,179.6,141.25,32796.8,-7.7,-4500,32767.1,-1393.8,-4500
2009-01-01T21:16:00,60,ILR,4.68,8.5,21.24,96.48,179.6,141.47,32796.8,-7.6,-4499.9,32767.2,-1393.7,-4499.9
2009-01-01T21:17:00,60,ILR,4.68,8.5,21.26,96.48,179.6,141.69,32796.8,-7.8,-4499.9,32767.2,-1393.8,-4499.9
2009-01-01T21:18:00,60,ILR,4.68,8.5,21.27,96.48,179.6,141.92,32796.9,-7.8,-4499.9,32767.3,-1393.9,-4499.9
2009-01-01T21:19:00,60,ILR,4.68,8.5,21.29,96.48,179.61,142.14,32797.1,-7.9,-4499.9,32767.4,-1394,-4499.9
2009-01-01T21:20:00,60,ILR,4.68,8.5,21.31,96.48,179.61,142.36,32797.3,-7.9,-4499.9,32767.6,-1394,-4499.9
2009-01-01T21:21:00,60,ILR,4.68,8.5,21.32,96.48,179.61,142.58,32797.3,-7.7,-4499.9,32767.7,-1393.8,-4499.9
2009-01-01T21:22:00,60,ILR,4.68,8.5,21.34,96.48,179.61,142.8,32797.5,-7.6,-4499.8,32767.9,-1393.7,-4499.8
2009-01-01T21:23:00,60,ILR,4.68,8.5,21.36,96.48,179.61,143.02,32797.7,-7.6,-4499.8,32768,-1393.7,-4499.8
2009-01-01T21:24:00,60,ILR,4.68,8.5,21.37,96.48,179.61,143.24,32797.7,-7.6,-4499.8,32768.1,-1393.8,-4499.8
2009-01-01T21:25:00,60,ILR,4.68,8.5,21.39,96.48,179.61,143.46,32797.9,-7.5,-4499.9,32768.3,-1393.6,-4499.9
2009-01-01T21:26:00,60,ILR,4.68,8.5,21.4,96.48,179.61,143.68,32798,-7.5,-4499.9,32768.4,-1393.6,-4499.9
2009-01-01T21:27:00,60,ILR,4.68,8.5,21.42,96.48,179.61,143.9,32798.2,-7.3,-4499.8,32768.6,-1393.4,-4499.8
2009-01-01T21:28:00,60,ILR,4.68,8.5,21.44,96.48,179.61,144.11,32798.3,-7.2,-4499.8,32768.7,-1393.4,-4499.8
2009-01-01T21:29:00,60,ILR,4.68,8.5,21.45,96.48,179.61,144.33,32798.5,-7.3,-4499.8,32768.9,-1393.4,-4499.8
2009-01-01T21:30:00,60,ILR,4.68,8.5,21.47,96.48,179.61,144.55,32798.4,-7.4,-4499.8,32768.8,-1393.5,-4499.8
2009-01-01T21:31:00,60,ILR,4.68,8.5,21.49,96.48,179.61,144.77,32798.5,-7.6,-4499.9,32768.9,-1393.7,-4499.9
2009-01-01T21:32:00,60,ILR,4.68,8.5,21.5,96.48,179.61,144.99,32798.5,-7.7,-4499.9,32768.9,-1393.8,-4499.9
2009-01-01T21:33:00,60,ILR,4.68,8.5,21.52,96.48,179.61,145.21,32798.5,-7.6,-4499.9,32768.9,-1393.8,-4499.9
2009-01-01T21:34:00,60,ILR,4.68,8.5,21.53,96.48,179.62,145.42,32798.5,-7.5,-4499.9,32768.9,-1393.6,-4499.9
2009-01-01T21:35:00,60,ILR,4.68,8.5,21.55,96.48,179.62,145.64,32798.7,-7.4,-4499.9,32769.1,-1393.5,-4499.9
2009-01-01T21:36:00,60,ILR,4.68,8.5,21.57,96.48,179.62,145.86,32798.8,-7.4,-4499.9,32769.2,-1393.6,-4499.9
2009-01-01T21:37:00,60,ILR,4.68,8.5,21.58,96.48,179.62,146.07,32799,-7.5,-4499.9,32769.4,-1393.7,-4499.9
2009-01-01T21:38:00,60,ILR,4.68,8.5,21.6,96.48,179.62,146.29,32798.8,-7.6,-4499.9,32769.2,-1393.8,-4499.9
2009-01-01T21:39:00,60,ILR,4.68,8.5,21.62,96.48,179.62,146.51,32799,-7.8,-4500,32769.4,-1393.9,-4500
2009-01-01T21:40:00,60,ILR,4.68,8.5,21.63,96.48,179.62,146.72,32798.9,-7.6,-4500,32769.3,-1393.7,-4500
2009-01-01T21:41:00,60,ILR,4.68,8.5,21.65,96.48,179.62,146.94,32799,-7.3,-4499.9,32769.4,-1393.5,-4499.9
2009-01-01T21:42:00,60,ILR,4.68,8.5,21.67,96.48,179.62,147.15,32798.8,-7.3,-4500,32769.1,-1393.4,-4500
2009-01-01T21:43:00,60,ILR,4.68,8.5,21.68,96.48,179.62,147.37,32798.7,-7.1,-4500,32769.1,-1393.3,-4500
2009-01-01T21:44:00,60,ILR,4.68,8.5,21.7,96.48,179.62,147.58,32798.6,-7.1,-4500,32769,-1393.2,-4500
2009-01-01T21:45:00,60,ILR,4.68,8.5,21.71,96.48,179.62,147.79,32798.5,-7.1,-4500.1,32768.9,-1393.2,-4500.1
2009-01-01T21:46:00,60,ILR,4.68,8.5,21.73,96.48,179.62,148.01,32798.5,-7.1,-4500.1,32768.9,-1393.3,-4500.1
2009-01-01T21:47:00,60,ILR,4.68,8.5,21.75,96.48,179.62,148.22,32798.4,-7.2,-4500,32768.8,-1393.3,-4500
2009-01-01T21:48:00,60,ILR,4.68,8.5,21.76,96.48,179.62,148.43,32798.4,-7.1,-4500,32768.8,-1393.2,-4500
2009-01-01T21:49:00,60,ILR,4.68,8.5,21.78,96.48,179.62,148.65,32798.1,-7,-4500.1,32768.5,-1393.1,-4500.1
2009-01-01T21:50:00,60,ILR,4.68,8.5,21.8,96.48,179.63,148.86,32798.3,-7,-4500.1,32768.7,-1393.2,-4500.1
2009-01-01T21:51:00,60,ILR,4.68,8.5,21.81,96.48,179.63,149.07,32797.9,-6.9,-4500.1,32768.3,-1393,-4500.1
2009-01-01T21:52:00,60,ILR,4.68,8.5,21.83,96.48,179.63,149.28,32797.9,-6.9,-4500.2,32768.3,-1393,-4500.2
2009-01-01T21:53:00,60,ILR,4.68,8.5,21.85,96.48,179.63,149.49,32797.9,-6.9,-4500.2,32768.3,-1393,-4500.2
2009-01-01T21:54:00,60,ILR,4.68,8.5,21.86,96.48,179.63,149.7,32797.8,-6.8,-4500.2,32768.2,-1392.9,-4500.2
2009-01-01T21:55:00,60,ILR,4.68,8.5,21.88,96.48,179.63,149.91,32797.8,-6.6,-4500.2,32768.2,-1392.7,-4500.2
2009-01-01T21:56:00,60,ILR,4.68,8.5,21.89,96.48,179.63,150.12,32797.8,-6.5,-4500.2,32768.2,-1392.6,-4500.2
2009-01-01T21:57:00,60,ILR,4.68,8.5,21.91,96.48,179.63,150.33,32797.8,-6.3,-4500.2,32768.2,-1392.4,-4500.2
2009-01-01T21:58:00,60,ILR,4.68,8.5,21.93,96.48,179.63,150.54,32797.7,-6.2,-4500.2,32768.1,-1392.3,-4500.2
2009-01-01T21:59:00,60,ILR,4.68,8.5,21.94,96.48,179.63,150.75,32797.7,-6.2,-4500.2,32768.2,-1392.3,-4500.2
2009-01-01T22:00:00,60,ILR,4.68,8.5,21.96,96.48,179.63,150.96,32797.6,-6.2,-4500.2,32768,-1392.3,-4500.2
2009-01-01T22:01:00,60,ILR,4.68,8.5,21.98,96.48,179.63,151.17,32797.6,-6.1,-4500.2,32768,-1392.2,-4500.2
2009-01-01T22:02:00,60,ILR,4.68,8.5,21.99,96.48,179.63,151.37,32797.5,-6.1,-4500.2,32768,-1392.2,-4500.2
2009-01-01T22:03:00,60,ILR,4.68,8.5,22.01,96.48,179.63,151.58,32797.5,-6.1,-4500.3,32767.9,-1392.2,-4500.3
2009-01-01T22:04:00,60,ILR,4.68,8.5,22.02,96.48,179.63,151.78,32797.5,-6.1,-4500.3,32768,-1392.2,-4500.3
2009-01-01T22:05:00,60,ILR,4.68,8.5,22.04,96.48,179.63,151.99,32797.5,-6.1,-4500.4,32767.9,-1392.2,-4500.4
2009-01-01T22:06:00,60,ILR,4.68,8.5,22.06,96.48,179.63,152.19,32797.5,-6.1,-4500.4,32768,-1392.2,-4500.4
2009-01-01T22:07:00,60,ILR,4.68,8.5,22.07,96.48,179.64,152.4,32797.4,-6,-4500.4,32767.8,-1392.1,-4500.4
2009-01-01T22:08:00,60,ILR,4.68,8.5,22.09,96.48,179.64,152.6,32797.2,-6.1,-4500.4,32767.6,-1392.2,-4500.4
2009-01-01T22:09:00,60,ILR,4.68,8.5,22.11,96.48,179.64,152.81,32797.3,-6,-4500.5,32767.7,-1392.1,-4500.5
2009-01-01T22:10:00,60,ILR,4.68,8.5,22.12,96.48,179.64,153.01,32797.8,-5.9,-4500.5,32768.2,-1392,-4500.5
2009-01-01T22:11:00,60,ILR,4.68,8.5,22.14,96.48,179.64,153.21,32797.8,-5.9,-4500.5,32768.2,-1392,-4500.5
2009-01-01T22:12:00,60,ILR,4.68,8.5,22.16,96.48,179.64,153.41,32797.8,-5.9,-4500.5,32768.3,-1392,-4500.5
2009-01-01T22:13:00,60,ILR,4.68,8.5,22.17,96.48,179.64,153.61,32797.9,-5.8,-4500.5,32768.3,-1391.9,-4500.5
2009-01-01T22:14:00,60,ILR,4.68,8.5,22.19,96.48,179.64,153.81,32797.8,-5.8,-4500.6,32768.3,-1391.9,-4500.6
2009-01-01T22:15:00,60,ILR,4.68,8.5,22.21,96.48,179.64,154.01,32797.9,-5.7,-4500.6,32768.3,-1391.9,-4500.6
2009-01-01T22:16:00,60,ILR,4.68,8.5,22.22,96.48,179.64,154.21,32798.1,-5.8,-4500.7,32768.5,-1391.9,-4500.7
2009-01-01T22:17:00,60,ILR,4.68,8.5,22.24,96.48,179.64,154.41,32798.2,-5.7,-4500.8,32768.6,-1391.8,-4500.8
2009-01-01T22:18:00,60,ILR,4.68,8.5,22.25,96.48,179.64,154.61,32798.6,-5.6,-4500.8,32769,-1391.8,-4500.8
2009-01-01T22:19:00,60,ILR,4.68,8.5,22.27,96.48,179.64,154.8,32798.4,-5.6,-4500.8,32768.9,-1391.7,-4500.8
2009-01-01T22:20:00,60,ILR,4.68,8.5,22.29,96.48,179.64,155,32798.5,-5.5,-4500.8,32769,-1391.7,-4500.8
2009-01-01T22:21:00,60,ILR,4.68,8.5,22.3,96.48,179.64,155.19,32799.5,-5.4,-4500.8,32769.9,-1391.6,-4500.8
2009-01-01T22:22:00,60,ILR,4.68,8.5,22.32,96.48,179.64,155.39,32800.1,-5.3,-4500.6,32770.6,-1391.5,-4500.6
2009-01-01T22:23:00,60,ILR,4.68,8.5,22.34,96.48,179.64,155.58,32800.8,-5.3,-4500.6,32771.3,-1391.5,-4500.6
2009-01-01T22:24:00,60,ILR,4.68,8.5,22.35,96.48,179.65,155.78,32801.1,-5.2,-4500.6,32771.6,-1391.5,-4500.6
2009-01-01T22:25:00,60,ILR,4.68,8.5,22.37,96.48,179.65,155.97,32802.9,-5.1,-4500.5,32773.4,-1391.4,-4500.5
2009-01-01T22:26:00,60,ILR,4.68,8.5,22.39,96.48,179.65,156.16,32802.9,-5,-4500.6,32773.4,-1391.3,-4500.6
2009-01-01T22:27:00,60,ILR,4.68,8.5,22.4,96.48,179.65,156.35,32803.3,-4.9,-4500.6,32773.8,-1391.2,-4500.6
2009-01-01T22:28:00,60,ILR,4.68,8.5,22.42,96.48,179.65,156.54,32803.6,-4.8,-4500.6,32774.1,-1391.2,-4500.6
2009-01-01T22:29:00,60,ILR,4.68,8.5,22.44,96.48,179.65,156.73,32803.5,-4.9,-4500.6,32774,-1391.2,-4500.6
2009-01-01T22:30:00,60,ILR,4.68,8.5,22.45,96.48,179.65,156.91,32804,-4.8,-4500.7,32774.5,-1391.2,-4500.7
2009-01-01T22:31:00,60,ILR,4.68,8.5,22.47,96.48,179.65,157.1,32803.9,-4.9,-4500.7,32774.4,-1391.2,-4500.7
2009-01-01T22:32:00,60,ILR,4.68,8.5,22.48,96.48,179.65,157.29,32803.9,-4.9,-4500.7,32774.4,-1391.2,-4500.7
2009-01-01T22:33:00,60,ILR,4.68,8.5,22.5,96.48,179.65,157.47,32803.9,-4.9,-4500.8,32774.3,-1391.3,-4500.8
2009-01-01T22:34:00,60,ILR,4.68,8.5,22.52,96.48,179.65,157.65,32803.8,-5.1,-4500.7,32774.3,-1391.4,-4500.7
2009-01-01T22:35:00,60,ILR,4.68,8.5,22.53,96.48,179.65,157.84,32804.1,-5.1,-4500.8,32774.5,-1391.4,-4500.8
2009-01-01T22:36:00,60,ILR,4.68,8.5,22.55,96.48,179.65,158.02,32804.1,-5.1,-4500.8,32774.6,-1391.5,-4500.8
2009-01-01T22:37:00,60,ILR,4.68,8.5,22.57,96.48,179.65,158.2,32804.2,-5.2,-4500.8,32774.7,-1391.5,-4500.8
2009-01-01T22:38:00,60,ILR,4.68,8.5,22.58,96.48,179.65,158.38,32804.3,-5.2,-4500.9,32774.8,-1391.6,-4500.9
2009-01-01T22:39:00,60,ILR,4.68,8.5,22.6,96.48,179.65,158.56,32804.3,-5.3,-4500.9,32774.7,-1391.7,-4500.9
2009-01-01T22:40:00,60,ILR,4.68,8.5,22.62,96.48,179.65,158.73,32804.2,-5.6,-4501,32774.7,-1392,-4501
2009-01-01T22:41:00,60,ILR,4.68,8.5,22.63,96.48,179.65,158.91,32804.1,-5.6,-4501,32774.5,-1392,-4501
2009-01-01T22:42:00,60,ILR,4.68,8.5,22.65,96.48,179.65,159.08,32803.9,-5.6,-4501.1,32774.4,-1392,-4501.1
2009-01-01T22:43:00,60,ILR,4.68,8.5,22.67,96.48,179.66,159.25,32803.8,-5.6,-4501.1,32774.3,-1392,-4501.1
2009-01-01T22:44:00,60,ILR,4.68,8.5,22.68,96.48,179.66,159.43,32803.6,-5.4,-4501.2,32774.1,-1391.7,-4501.2
2009-01-01T22:45:00,60,ILR,4.68,8.5,22.7,96.48,179.66,159.6,32803.7,-5.2,-4501.3,32774.1,-1391.5,-4501.3
2009-01-01T22:46:00,60,ILR,4.68,8.5,22.72,96.48,179.66,159.77,32803.6,-5.2,-4501.3,32774.1,-1391.5,-4501.3
2009-01-01T22:47:00,60,ILR,4.68,8.5,22.73,96.48,179.66,159.93,32803.5,-5.1,-4501.3,32774,-1391.5,-4501.3
2009-01-01T22:48:00,60,ILR,4.68,8.5,22.75,96.48,179.66,160.1,32803.4,-5.1,-4501.3,32773.8,-1391.4,-4501.3
2009-01-01T22:49:00,60,ILR,4.68,8.5,22.76,96.48,179.66,160.26,32803,-4.7,-4501.5,32773.5,-1391.1,-4501.5
2009-01-01T22:50:00,60,ILR,4.68,8.5,22.78,96.48,179.66,160.43,32803.1,-4.6,-4501.6,32773.6,-1390.9,-4501.6
2009-01-01T22:51:00,60,ILR,4.68,8.5,22.8,96.48,179.66,160.59,32803,-4.6,-4501.5,32773.5,-1390.9,-4501.5
2009-01-01T22:52:00,60,ILR,4.68,8.5,22.81,96.48,179.66,160.75,32803.1,-4.5,-4501.6,32773.6,-1390.8,-4501.6
2009-01-01T22:53:00,60,ILR,4.68,8.5,22.83,96.48,179.66,160.9,32803.1,-4.4,-4501.7,32773.6,-1390.7,-4501.7
2009-01-01T22:54:00,60,ILR,4.68,8.5,22.85,96.48,179.66,161.06,32803,-4.2,-4501.7,32773.5,-1390.6,-4501.7
2009-01-01T22:55:00,60,ILR,4.68,8.5,22.86,96.48,179.66,161.22,32802.9,-4.2,-4501.9,32773.4,-1390.5,-4501.9
2009-01-01T22:56:00,60,ILR,4.68,8.5,22.88,96.48,179.66,161.37,32802.7,-4,-4502,32773.2,-1390.3,-4502
2009-01-01T22:57:00,60,ILR,4.68,8.5,22.9,96.48,179.66,161.52,32802.6,-3.8,-4502.1,32773.1,-1390.1,-4502.1
2009-01-01T22:58:00,60,ILR,4.68,8.5,22.91,96.48,179.66,161.67,32802.5,-3.6,-4502.1,32773,-1389.9,-4502.1
2009-01-01T22:59:00,60,ILR,4.68,8.5,22.93,96.48,179.66,161.81,32802.5,-3.6,-4502.2,32773,-1390,-4502.2
2009-01-01T23:00:00,60,ILR,4.68,8.5,22.95,96.48,179.66,161.96,32802.5,-3.7,-4502.2,32773.1,-1390,-4502.2
2009-01-01T23:01:00,60,ILR,4.68,8.5,22.96,96.48,179.66,162.1,32802.5,-3.6,-4502.2,32773.1,-1389.9,-4502.2
2009-01-01T23:02:00,60,ILR,4.68,8.5,22.98,96.48,179.67,162.24,32802.5,-3.4,-4502.3,32773.1,-1389.7,-4502.3
2009-01-01T23:03:00,60,ILR,4.68,8.5,23,96.48,179.67,162.38,32802.5,-3.3,-4502.3,32773.1,-1389.6,-4502.3
2009-01-01T23:04:00,60,ILR,4.68,8.5,23.01,96.48,179.67,162.52,32802.2,-3.3,-4502.4,32772.7,-1389.6,-4502.4
2009-01-01T23:05:00,60,ILR,4.68,8.5,23.03,96.48,179.67,162.65,32802.3,-3.2,-4502.4,32772.9,-1389.5,-4502.4
2009-01-01T23:06:00,60,ILR,4.68,8.5,23.04,96.48,179.67,162.78,32802.5,-3.2,-4502.5,32773,-1389.5,-4502.5
2009-01-01T23:07:00,60,ILR,4.68,8.5,23.06,96.48,179.67,162.91,32802.3,-3.1,-4502.5,32772.8,-1389.4,-4502.5
2009-01-01T23:08:00,60,ILR,4.68,8.5,23.08,96.48,179.67,163.04,32802.3,-3,-4502.5,32772.8,-1389.3,-4502.5
2009-01-01T23:09:00,60,ILR,4.68,8.5,23.09,96.48,179.67,163.17,32802.4,-3,-4502.6,32773,-1389.3,-4502.6
2009-01-01T23:10:00,60,ILR,4.68,8.5,23.11,96.48,179.67,163.29,32802.3,-3.1,-4502.7,32772.9,-1389.4,-4502.7
2009-01-01T23:11:00,60,ILR,4.68,8.5,23.13,96.48,179.67,163.41,32802.3,-3.1,-4503,32772.9,-1389.4,-4503
2009-01-01T23:12:00,60,ILR,4.68,8.5,23.14,96.48,179.67,163.53,32802.1,-3.1,-4503.1,32772.7,-1389.3,-4503.1
2009-01-01T23:13:00,60,ILR,4.68,8.5,23.16,96.48,179.67,163.64,32802.2,-3,-4503.1,32772.7,-1389.3,-4503.1
2009-01-01T23:14:00,60,ILR,4.68,8.5,23.18,96.48,179.67,163.75,32801.9,-2.8,-4503.6,32772.5,-1389.1,-4503.6
2009-01-01T23:15:00,60,ILR,4.68,8.5,23.19,96.48,179.67,163.86,32802.1,-2.8,-4503.2,32772.6,-1389.1,-4503.2
2009-01-01T23:16:00,60,ILR,4.68,8.5,23.21,96.48,179.67,163.97,32802.1,-2.8,-4503.9,32772.7,-1389.1,-4503.9
2009-01-01T23:17:00,60,ILR,4.68,8.5,23.23,96.48,179.67,164.07,32802.2,-2.8,-4503.9,32772.7,-1389.1,-4503.9
2009-01-01T23:18:00,60,ILR,4.68,8.5,23.24,96.48,179.67,164.17,32802.2,-2.8,-4504.2,32772.8,-1389.1,-4504.2
2009-01-01T23:19:00,60,ILR,4.68,8.5,23.26,96.48,179.67,164.27,32802.1,-2.9,-4504.3,32772.7,-1389.2,-4504.3
2009-01-01T23:20:00,60,ILR,4.68,8.5,23.28,96.48,179.67,164.36,32802.1,-2.9,-4504.4,32772.6,-1389.2,-4504.4
2009-01-01T23:21:00,60,ILR,4.68,8.5,23.29,96.48,179.67,164.45,32801.9,-2.9,-4504.4,32772.5,-1389.2,-4504.4
2009-01-01T23:22:00,60,ILR,4.68,8.5,23.31,96.48,179.67,164.54,32801.9,-2.8,-4504.5,32772.4,-1389.1,-4504.5
2009-01-01T23:23:00,60,ILR,4.68,8.5,23.33,96.48,179.68,164.63,32801.8,-2.8,-4504.5,32772.3,-1389.1,-4504.5
2009-01-01T23:24:00,60,ILR,4.68,8.5,23.34,96.48,179.68,164.71,32801.6,-2.8,-4504.5,32772.2,-1389.1,-4504.5
2009-01-01T23:25:00,60,ILR,4.68,8.5,23.36,96.48,179.68,164.79,32801.4,-2.8,-4504.6,32772,-1389.1,-4504.6
2009-01-01T23:26:00,60,ILR,4.68,8.5,23.38,96.48,179.68,164.86,32801.3,-3,-4504.6,32771.8,-1389.3,-4504.6
2009-01-01T23:27:00,60,ILR,4.68,8.5,23.39,96.48,179.68,164.93,32801.1,-3,-4504.7,32771.7,-1389.2,-4504.7
2009-01-01T23:28:00,60,ILR,4.68,8.5,23.41,96.48,179.68,165,32801,-3,-4504.8,32771.6,-1389.2,-4504.8
2009-01-01T23:29:00,60,ILR,4.68,8.5,23.43,96.48,179.68,165.06,32801.1,-2.9,-4504.9,32771.7,-1389.2,-4504.9
2009-01-01T23:30:00,60,ILR,4.68,8.5,23.44,96.48,179.68,165.12,32801.1,-2.9,-4505,32771.7,-1389.1,-4505
2009-01-01T23:31:00,60,ILR,4.68,8.5,23.46,96.48,179.68,165.18,32801.2,-2.7,-4505.1,32771.8,-1388.9,-4505.1
2009-01-01T23:32:00,60,ILR,4.68,8.5,23.48,96.48,179.68,165.23,32801.5,-2.6,-4505.1,32772,-1388.8,-4505.1
2009-01-01T23:33:00,60,ILR,4.68,8.5,23.49,96.48,179.68,165.28,32801.4,-2.6,-4505.2,32772,-1388.8,-4505.2
2009-01-01T23:34:00,60,ILR,4.68,8.5,23.51,96.48,179.68,165.33,32801.3,-2.8,-4505.1,32771.9,-1389,-4505.1
2009-01-01T23:35:00,60,ILR,4.68,8.5,23.52,96.48,179.68,165.37,32801.2,-2.7,-4505.3,32771.8,-1388.9,-4505.3
2009-01-01T23:36:00,60,ILR,4.68,8.5,23.54,96.48,179.68,165.41,32801.2,-2.6,-4505.2,32771.8,-1388.9,-4505.2
2009-01-01T23:37:00,60,ILR,4.68,8.5,23.56,96.48,179.68,165.44,32801.4,-2.6,-4505.3,32772,-1388.9,-4505.3
2009-01-01T23:38:00,60,ILR,4.68,8.5,23.57,96.48,179.68,165.47,32801.3,-2.7,-4505.3,32771.9,-1388.9,-4505.3
2009-01-01T23:39:00,60,ILR,4.68,8.5,23.59,96.48,179.68,165.5,32801.5,-2.6,-4505.5,32772.1,-1388.9,-4505.5
2009-01-01T23:40:00,60,ILR,4.68,8.5,23.61,96.48,179.68,165.52,32801.5,-2.5,-4505.4,32772,-1388.8,-4505.4
2009-01-01T23:41:00,60,ILR,4.68,8.5,23.62,96.48,179.68,165.54,32801.5,-2.5,-4505.5,32772.1,-1388.8,-4505.5
2009-01-01T23:42:00,60,ILR,4.68,8.5,23.64,96.48,179.68,165.56,32801.6,-2.5,-4505.5,32772.2,-1388.7,-4505.5
2009-01-01T23:43:00,60,ILR,4.68,8.5,23.66,96.48,179.68,165.57,32801.7,-2.4,-4505.5,32772.3,-1388.7,-4505.5
2009-01-01T23:44:00,60,ILR,4.68,8.5,23.67,96.48,179.68,165.57,32801.7,-2.4,-4505.6,32772.3,-1388.7,-4505.6
2009-01-01T23:45:00,60,ILR,4.68,8.5,23.69,96.48,179.69,165.58,32801.9,-2.3,-4505.6,32772.5,-1388.6,-4505.6
2009-01-01T23:46:00,60,ILR,4.68,8.5,23.71,96.48,179.69,165.57,32802,-2.1,-4505.6,32772.6,-1388.4,-4505.6
2009-01-01T23:47:00,60,ILR,4.68,8.5,23.72,96.48,179.69,165.57,32802.1,-2,-4505.6,32772.7,-1388.3,-4505.6
2009-01-01T23:48:00,60,ILR,4.68,8.5,23.74,96.48,179.69,165.56,32802,-1.9,-4505.5,32772.6,-1388.2,-4505.5
2009-01-01T23:49:00,60,ILR,4.68,8.5,23.76,96.48,179.69,165.55,32801.8,-1.7,-4505.7,32772.4,-1388,-4505.7
2009-01-01T23:50:00,60,ILR,4.68,8.5,23.77,96.48,179.69,165.53,32801.5,-1.5,-4505.8,32772.1,-1387.7,-4505.8
2009-01-01T23:51:00,60,ILR,4.68,8.5,23.79,96.48,179.69,165.51,32801.3,-1.4,-4505.8,32772,-1387.6,-4505.8
2009-01-01T23:52:00,60,ILR,4.68,8.5,23.81,96.48,179.69,165.48,32801.2,-1.2,-4505.8,32771.9,-1387.5,-4505.8
2009-01-01T23:53:00,60,ILR,4.68,8.5,23.82,96.48,179.69,165.46,32801.2,-1.2,-4506,32771.9,-1387.4,-4506
2009-01-01T23:54:00,60,ILR,4.68,8.5,23.84,96.48,179.69,165.42,32801.1,-1.2,-4506,32771.7,-1387.5,-4506
2009-01-01T23:55:00,60,ILR,4.68,8.5,23.86,96.48,179.69,165.39,32801,-1.1,-4506,32771.6,-1387.3,-4506
2009-01-01T23:56:00,60,ILR,4.68,8.5,23.87,96.48,179.69,165.35,32800.7,-0.9,-4506,32771.3,-1387.2,-4506
2009-01-01T23:57:00,60,ILR,4.68,8.5,23.89,96.48,179.69,165.3,32800.7,-0.7,-4506.1,32771.4,-1386.9,-4506.1
2009-01-01T23:58:00,60,ILR,4.68,8.5,23.91,96.48,179.69,165.25,32800.7,-0.5,-4506.1,32771.4,-1386.7,-4506.1
